k,m,case,n_criticals,crit_index,i_crit_deg,kind
3,1,odd-odd,1,1,70.528779,pitchfork
3,2,mixed,1,1,83.620630,tangency
4,3,mixed,1,1,76.121108,tangency
5,1,odd-odd,1,1,78.463041,pitchfork
5,2,mixed,1,1,86.229421,tangency
5,3,odd-odd,2,1,53.130102,pitchfork
5,3,odd-odd,2,2,87.567107,tangency
5,4,mixed,2,1,70.006481,tangency
5,4,mixed,2,2,88.194577,tangency
6,5,mixed,2,1,65.067298,tangency
6,5,mixed,2,2,85.004761,tangency
7,1,odd-odd,1,1,81.786789,pitchfork
7,2,mixed,1,1,87.317482,tangency
7,3,odd-odd,2,1,64.623066,pitchfork
7,3,odd-odd,2,2,88.269272,tangency
7,4,mixed,2,1,76.306103,tangency
7,4,mixed,2,2,88.715674,tangency
7,5,odd-odd,3,1,44.415309,pitchfork
7,5,odd-odd,3,2,79.707708,tangency
7,5,odd-odd,3,3,88.977448,tangency
7,6,mixed,3,1,61.007666,tangency
7,6,mixed,3,2,81.663959,tangency
7,6,mixed,3,3,89.150060,tangency
8,3,mixed,1,1,83.340190,tangency
8,5,mixed,2,1,72.198568,tangency
8,5,mixed,2,2,86.292569,tangency
8,7,mixed,3,1,57.606639,tangency
8,7,mixed,3,2,78.488952,tangency
8,7,mixed,3,3,87.397806,tangency
9,1,odd-odd,1,1,83.620630,pitchfork
9,2,mixed,1,1,87.916995,tangency
9,4,mixed,2,1,79.512661,tangency
9,4,mixed,2,2,89.002743,tangency
9,5,odd-odd,3,1,56.251011,pitchfork
9,5,odd-odd,3,2,82.121707,tangency
9,5,odd-odd,3,3,89.206009,tangency
9,7,odd-odd,4,1,38.942441,pitchfork
9,7,odd-odd,4,2,72.896553,tangency
9,7,odd-odd,4,3,84.618542,tangency
9,7,odd-odd,4,4,89.435190,tangency
9,8,mixed,4,1,54.708519,tangency
9,8,mixed,4,2,75.559147,tangency
9,8,mixed,4,3,85.337558,tangency
9,8,mixed,4,4,89.506283,tangency
10,3,mixed,1,1,84.696284,tangency
10,7,mixed,3,1,65.528305,tangency
10,7,mixed,3,2,80.981486,tangency
10,7,mixed,3,3,87.928126,tangency
10,9,mixed,4,1,52.202801,tangency
10,9,mixed,4,2,72.880658,tangency
10,9,mixed,4,3,83.207695,tangency
10,9,mixed,4,4,88.399661,tangency
11,1,odd-odd,1,1,84.784091,pitchfork
11,2,mixed,1,1,88.297122,tangency
11,3,odd-odd,2,1,74.173380,pitchfork
11,3,odd-odd,2,2,88.901369,tangency
11,4,mixed,2,1,81.483536,tangency
11,4,mixed,2,2,89.184747,tangency
11,5,odd-odd,3,1,62.964308,pitchfork
11,5,odd-odd,3,2,83.603833,tangency
11,5,odd-odd,3,3,89.350918,tangency
11,6,mixed,3,1,72.923989,tangency
11,6,mixed,3,2,84.821359,tangency
11,6,mixed,3,3,89.460488,tangency
11,7,odd-odd,4,1,50.478804,pitchfork
11,7,odd-odd,4,2,76.340142,tangency
11,7,odd-odd,4,3,85.631723,tangency
11,7,odd-odd,4,4,89.538272,tangency
11,8,mixed,4,1,62.792530,tangency
11,8,mixed,4,2,78.471812,tangency
11,8,mixed,4,3,86.215520,tangency
11,8,mixed,4,4,89.596390,tangency
11,9,odd-odd,5,1,35.096801,pitchfork
11,9,odd-odd,5,2,67.410032,tangency
11,9,odd-odd,5,3,79.976988,tangency
11,9,odd-odd,5,4,86.658183,tangency
11,9,odd-odd,5,5,89.641480,tangency
11,10,mixed,5,1,50.009450,tangency
11,10,mixed,5,2,70.436200,tangency
11,10,mixed,5,3,81.111514,tangency
11,10,mixed,5,4,87.006277,tangency
11,10,mixed,5,5,89.677488,tangency
12,5,mixed,2,1,78.483308,tangency
12,5,mixed,2,2,87.546223,tangency
12,7,mixed,3,1,70.131902,tangency
12,7,mixed,3,2,82.564595,tangency
12,7,mixed,3,3,88.277839,tangency
12,11,mixed,5,1,48.069201,tangency
12,11,mixed,5,2,68.202188,tangency
12,11,mixed,5,3,79.094240,tangency
12,11,mixed,5,4,85.487373,tangency
12,11,mixed,5,5,88.915395,tangency
13,1,odd-odd,1,1,85.588274,pitchfork
13,2,mixed,1,1,88.559783,tangency
13,3,odd-odd,2,1,76.657636,pitchfork
13,3,odd-odd,2,2,89.070835,tangency
13,4,mixed,2,1,82.824094,tangency
13,4,mixed,2,2,89.310503,tangency
13,5,odd-odd,3,1,67.380135,pitchfork
13,5,odd-odd,3,2,84.611384,tangency
13,5,odd-odd,3,3,89.451042,tangency
13,6,mixed,3,1,75.730421,tangency
13,6,mixed,3,2,85.637401,tangency
13,6,mixed,3,3,89.543710,tangency
13,7,odd-odd,4,1,57.421030,pitchfork
13,7,odd-odd,4,2,78.590208,tangency
13,7,odd-odd,4,3,86.320203,tangency
13,7,odd-odd,4,4,89.609497,tangency
13,8,mixed,4,1,67.619902,tangency
13,8,mixed,4,2,80.373076,tangency
13,8,mixed,4,3,86.812059,tangency
13,8,mixed,4,4,89.658649,tangency
13,9,odd-odd,5,1,46.186939,pitchfork
13,9,odd-odd,5,2,71.436223,tangency
13,9,odd-odd,5,3,81.631274,tangency
13,9,odd-odd,5,4,87.184989,tangency
13,9,odd-odd,5,5,89.696784,tangency
13,10,mixed,5,1,58.192263,tangency
13,10,mixed,5,2,73.932366,tangency
13,10,mixed,5,3,82.579299,tangency
13,10,mixed,5,4,87.478236,tangency
13,10,mixed,5,5,89.727238,tangency
13,11,odd-odd,6,1,32.204228,pitchfork
13,11,odd-odd,6,2,62.943132,tangency
13,11,odd-odd,6,3,75.758345,tangency
13,11,odd-odd,6,4,83.324371,tangency
13,11,odd-odd,6,5,87.715246,tangency
13,11,odd-odd,6,6,89.752123,tangency
13,12,mixed,6,1,46.337235,tangency
13,12,mixed,6,2,66.154885,tangency
13,12,mixed,6,3,77.174148,tangency
13,12,mixed,6,4,83.927773,tangency
13,12,mixed,6,5,87.910981,tangency
13,12,mixed,6,6,89.772842,tangency
14,3,mixed,1,1,86.226349,tangency
14,5,mixed,2,1,80.187061,tangency
14,5,mixed,2,2,87.899946,tangency
14,9,mixed,4,1,65.348906,tangency
14,9,mixed,4,2,78.284257,tangency
14,9,mixed,4,3,85.231307,tangency
14,9,mixed,4,4,88.861571,tangency
14,11,mixed,5,1,56.235343,tangency
14,11,mixed,5,2,71.897984,tangency
14,11,mixed,5,3,80.796951,tangency
14,11,mixed,5,4,86.156756,tangency
14,11,mixed,5,5,89.071766,tangency
14,13,mixed,6,1,44.779012,tangency
14,13,mixed,6,2,64.272518,tangency
14,13,mixed,6,3,75.356434,tangency
14,13,mixed,6,4,82.373660,tangency
14,13,mixed,6,5,86.774984,tangency
14,13,mixed,6,6,89.216113,tangency
15,1,odd-odd,1,1,86.177446,pitchfork
15,2,mixed,1,1,88.752180,tangency
15,4,mixed,2,1,83.797111,tangency
15,4,mixed,2,2,89.402616,tangency
15,7,odd-odd,4,1,62.181861,pitchfork
15,7,odd-odd,4,2,80.188386,tangency
15,7,odd-odd,4,3,86.819635,tangency
15,7,odd-odd,4,4,89.661666,tangency
15,8,mixed,4,1,70.914938,tangency
15,8,mixed,4,2,81.722740,tangency
15,8,mixed,4,3,87.244774,tangency
15,8,mixed,4,4,89.704253,tangency
15,11,odd-odd,6,1,42.833428,pitchfork
15,11,odd-odd,6,2,67.298773,tangency
15,11,odd-odd,6,3,77.868834,tangency
15,11,odd-odd,6,4,84.261398,tangency
15,11,odd-odd,6,5,88.025408,tangency
15,11,odd-odd,6,6,89.785239,tangency
15,13,odd-odd,7,1,29.926435,pitchfork
15,13,odd-odd,7,2,59.235832,tangency
15,13,odd-odd,7,3,72.035393,tangency
15,13,odd-odd,7,4,80.048047,tangency
15,13,odd-odd,7,5,85.210095,tangency
15,13,odd-odd,7,6,88.336742,tangency
15,13,odd-odd,7,7,89.818367,tangency
15,14,mixed,7,1,43.367455,tangency
15,14,mixed,7,2,62.535857,tangency
15,14,mixed,7,3,73.639866,tangency
15,14,mixed,7,4,80.850439,tangency
15,14,mixed,7,5,85.572596,tangency
15,14,mixed,7,6,88.457948,tangency
15,14,mixed,7,7,89.831369,tangency
16,3,mixed,1,1,86.701165,tangency
16,5,mixed,2,1,81.446137,tangency
16,5,mixed,2,2,88.164250,tangency
16,7,mixed,3,1,75.444155,tangency
16,7,mixed,3,2,84.480299,tangency
16,7,mixed,3,3,88.711625,tangency
16,9,mixed,4,1,68.806620,tangency
16,9,mixed,4,2,79.845334,tangency
16,9,mixed,4,3,85.844277,tangency
16,9,mixed,4,4,89.004861,tangency
16,11,mixed,5,1,61.400945,tangency
16,11,mixed,5,2,74.452248,tangency
16,11,mixed,5,3,82.024815,tangency
16,11,mixed,5,4,86.650873,tangency
16,11,mixed,5,5,89.188601,tangency
16,13,mixed,6,1,52.842928,tangency
16,13,mixed,6,2,68.245436,tangency
16,13,mixed,6,3,77.428155,tangency
16,13,mixed,6,4,83.391846,tangency
16,13,mixed,6,5,87.189665,tangency
16,13,mixed,6,6,89.314780,tangency
16,15,mixed,7,1,42.081016,tangency
16,15,mixed,7,2,60.928184,tangency
16,15,mixed,7,3,72.020109,tangency
16,15,mixed,7,4,79.371836,tangency
16,15,mixed,7,5,84.343439,tangency
16,15,mixed,7,6,87.576796,tangency
16,15,mixed,7,7,89.406871,tangency
17,1,odd-odd,1,1,86.627713,pitchfork
17,2,mixed,1,1,88.899200,tangency
17,3,odd-odd,2,1,79.835751,pitchfork
17,3,odd-odd,2,2,89.289818,tangency
17,4,mixed,2,1,84.536335,tangency
17,4,mixed,2,2,89.473003,tangency
17,5,odd-odd,3,1,72.895365,pitchfork
17,5,odd-odd,3,2,85.897745,tangency
17,5,odd-odd,3,3,89.580420,tangency
17,6,mixed,3,1,79.222974,tangency
17,6,mixed,3,2,86.679054,tangency
17,6,mixed,3,3,89.651249,tangency
17,7,odd-odd,4,1,65.684261,pitchfork
17,7,odd-odd,4,2,81.386659,tangency
17,7,odd-odd,4,3,87.198928,tangency
17,7,odd-odd,4,4,89.701531,tangency
17,8,mixed,4,1,73.331750,tangency
17,8,mixed,4,2,82.734322,tangency
17,8,mixed,4,3,87.573387,tangency
17,8,mixed,4,4,89.739099,tangency
17,9,odd-odd,5,1,58.034281,pitchfork
17,9,odd-odd,5,2,76.186907,tangency
17,9,odd-odd,5,3,83.684867,tangency
17,9,odd-odd,5,4,87.857289,tangency
17,9,odd-odd,5,5,89.768246,tangency
17,10,mixed,5,1,66.867759,tangency
17,10,mixed,5,2,78.050855,tangency
17,10,mixed,5,3,84.400825,tangency
17,10,mixed,5,4,88.080521,tangency
17,10,mixed,5,5,89.791523,tangency
17,11,odd-odd,6,1,49.679785,pitchfork
17,11,odd-odd,6,2,70.355364,tangency
17,11,odd-odd,6,3,79.412672,tangency
17,11,odd-odd,6,4,84.963371,tangency
17,11,odd-odd,6,5,88.260939,tangency
17,11,odd-odd,6,6,89.810543,tangency
17,12,mixed,6,1,59.672185,tangency
17,12,mixed,6,2,72.705367,tangency
17,12,mixed,6,3,80.467657,tangency
17,12,mixed,6,4,85.418869,tangency
17,12,mixed,6,5,88.409934,tangency
17,12,mixed,6,6,89.826379,tangency
17,13,odd-odd,7,1,40.119167,pitchfork
17,13,odd-odd,7,2,63.773669,tangency
17,13,odd-odd,7,3,74.464684,tangency
17,13,odd-odd,7,4,81.316077,tangency
17,13,odd-odd,7,5,85.796175,tangency
17,13,odd-odd,7,6,88.535143,tangency
17,13,odd-odd,7,7,89.839768,tangency
17,14,mixed,7,1,51.359774,tangency
17,14,mixed,7,2,66.602775,tangency
17,14,mixed,7,3,75.855049,tangency
17,14,mixed,7,4,82.016686,tangency
17,14,mixed,7,5,86.114369,tangency
17,14,mixed,7,6,88.641893,tangency
17,14,mixed,7,7,89.851238,tangency
17,15,odd-odd,8,1,28.072487,pitchfork
17,15,odd-odd,8,2,56.102480,tangency
17,15,odd-odd,8,3,68.760181,tangency
17,15,odd-odd,8,4,76.992136,tangency
17,15,odd-odd,8,5,82.606921,tangency
17,15,odd-odd,8,6,86.386655,tangency
17,15,odd-odd,8,7,88.734018,tangency
17,15,odd-odd,8,8,89.861175,tangency
17,16,mixed,8,1,40.902309,tangency
17,16,mixed,8,2,59.435061,tangency
17,16,mixed,8,3,70.491460,tangency
17,16,mixed,8,4,77.944803,tangency
17,16,mixed,8,5,83.112072,tangency
17,16,mixed,8,6,86.622500,tangency
17,16,mixed,8,7,88.814351,tangency
17,16,mixed,8,8,89.869866,tangency
18,5,mixed,2,1,82.416048,tangency
18,5,mixed,2,2,88.369314,tangency
18,7,mixed,3,1,77.138443,tangency
18,7,mixed,3,2,85.106836,tangency
18,7,mixed,3,3,88.855550,tangency
18,11,mixed,5,1,65.078585,tangency
18,11,mixed,5,2,76.344623,tangency
18,11,mixed,5,3,82.956434,tangency
18,11,mixed,5,4,87.031226,tangency
18,11,mixed,5,5,89.279246,tangency
18,13,mixed,6,1,58.079349,tangency
18,13,mixed,6,2,71.063046,tangency
18,13,mixed,6,3,78.961440,tangency
18,13,mixed,6,4,84.164180,tangency
18,13,mixed,6,5,87.508858,tangency
18,13,mixed,6,6,89.391329,tangency
18,17,mixed,8,1,39.817141,tangency
18,17,mixed,8,2,58.044038,tangency
18,17,mixed,8,3,69.047751,tangency
18,17,mixed,8,4,76.572292,tangency
18,17,mixed,8,5,81.893839,tangency
18,17,mixed,8,6,85.627594,tangency
18,17,mixed,8,7,88.111116,tangency
18,17,mixed,8,8,89.535497,tangency
19,1,odd-odd,1,1,86.983039,pitchfork
19,2,mixed,1,1,89.015210,tangency
19,3,odd-odd,2,1,80.915280,pitchfork
19,3,odd-odd,2,2,89.364663,tangency
19,4,mixed,2,1,85.117359,tangency
19,4,mixed,2,2,89.528543,tangency
19,5,odd-odd,3,1,74.742477,pitchfork
19,5,odd-odd,3,2,86.334137,tangency
19,5,odd-odd,3,3,89.624640,tangency
19,6,mixed,3,1,80.390042,tangency
19,6,mixed,3,2,87.032387,tangency
19,6,mixed,3,3,89.688004,tangency
19,7,odd-odd,4,1,68.381728,pitchfork
19,7,odd-odd,4,2,82.320354,tangency
19,7,odd-odd,4,3,87.496975,tangency
19,7,odd-odd,4,4,89.732986,tangency
19,8,mixed,4,1,75.189358,tangency
19,8,mixed,4,2,83.522359,tangency
19,8,mixed,4,3,87.831604,tangency
19,8,mixed,4,4,89.766596,tangency
19,9,odd-odd,5,1,61.726286,pitchfork
19,9,odd-odd,5,2,77.729347,tangency
19,9,odd-odd,5,3,84.370040,tangency
19,9,odd-odd,5,4,88.085303,tangency
19,9,odd-odd,5,5,89.792671,tangency
19,10,mixed,5,1,69.556955,tangency
19,10,mixed,5,2,79.386709,tangency
19,10,mixed,5,3,85.008457,tangency
19,10,mixed,5,4,88.284786,tangency
19,10,mixed,5,5,89.813494,tangency
19,11,odd-odd,6,1,54.623460,pitchfork
19,11,odd-odd,6,2,72.646378,tangency
19,11,odd-odd,6,3,80.597194,tangency
19,11,odd-odd,6,4,85.510042,tangency
19,11,odd-odd,6,5,88.446008,tangency
19,11,odd-odd,6,6,89.830510,tangency
19,12,mixed,6,1,63.421890,tangency
19,12,mixed,6,2,74.726346,tangency
19,12,mixed,6,3,81.534727,tangency
19,12,mixed,6,4,85.916160,tangency
19,12,mixed,6,5,88.579149,tangency
19,12,mixed,6,6,89.844677,tangency
19,13,odd-odd,7,1,46.826449,pitchfork
19,13,odd-odd,7,2,67.031282,tangency
19,13,odd-odd,7,3,76.282585,tangency
19,13,odd-odd,7,4,82.288564,tangency
19,13,odd-odd,7,5,86.252550,tangency
19,13,odd-odd,7,6,88.691035,tangency
19,13,odd-odd,7,7,89.856655,tangency
19,14,mixed,7,1,56.605915,tangency
19,14,mixed,7,2,69.517823,tangency
19,14,mixed,7,3,77.511927,tangency
19,14,mixed,7,4,82.910989,tangency
19,14,mixed,7,5,86.536231,tangency
19,14,mixed,7,6,88.786426,tangency
19,14,mixed,7,7,89.866916,tangency
19,15,odd-odd,8,1,37.863646,pitchfork
19,15,odd-odd,8,2,60.733645,tangency
19,15,odd-odd,8,3,71.412196,tangency
19,15,odd-odd,8,4,78.516993,tangency
19,15,odd-odd,8,5,83.435304,tangency
19,15,odd-odd,8,6,86.778977,tangency
19,15,odd-odd,8,7,88.868747,tangency
19,15,odd-odd,8,8,89.875805,tangency
19,16,mixed,8,1,48.730939,tangency
19,16,mixed,8,2,63.628851,tangency
19,16,mixed,8,3,72.931291,tangency
19,16,mixed,8,4,79.358833,tangency
19,16,mixed,8,5,83.884001,tangency
19,16,mixed,8,6,86.989232,tangency
19,16,mixed,8,7,88.940532,tangency
19,16,mixed,8,8,89.883581,tangency
19,17,odd-odd,9,1,26.525352,pitchfork
19,17,odd-odd,9,2,53.412192,tangency
19,17,odd-odd,9,3,65.866552,tangency
19,17,odd-odd,9,4,74.189302,tangency
19,17,odd-odd,9,5,80.076919,tangency
19,17,odd-odd,9,6,84.272950,tangency
19,17,odd-odd,9,7,87.173226,tangency
19,17,odd-odd,9,8,89.003694,tangency
19,17,odd-odd,9,9,89.890439,tangency
19,18,mixed,9,1,38.813796,tangency
19,18,mixed,9,2,56.744366,tangency
19,18,mixed,9,3,67.682828,tangency
19,18,mixed,9,4,75.254869,tangency
19,18,mixed,9,5,80.698284,tangency
19,18,mixed,9,6,84.613731,tangency
19,18,mixed,9,7,87.335667,tangency
19,18,mixed,9,8,89.059707,tangency
19,18,mixed,9,9,89.896534,tangency
20,3,mixed,1,1,87.363843,tangency
20,7,mixed,3,1,78.472925,tangency
20,7,mixed,3,2,85.604584,tangency
20,7,mixed,3,3,88.970492,tangency
20,9,mixed,4,1,73.367384,tangency
20,9,mixed,4,2,81.962925,tangency
20,9,mixed,4,3,86.690994,tangency
20,9,mixed,4,4,89.204813,tangency
20,11,mixed,5,1,67.865686,tangency
20,11,mixed,5,2,77.811210,tangency
20,11,mixed,5,3,83.689344,tangency
20,11,mixed,5,4,87.333345,tangency
20,11,mixed,5,5,89.351635,tangency
20,13,mixed,6,1,61.882816,tangency
20,13,mixed,6,2,73.192939,tangency
20,13,mixed,6,3,80.148906,tangency
20,13,mixed,6,4,84.771674,tangency
20,13,mixed,6,5,87.762389,tangency
20,13,mixed,6,6,89.452462,tangency
20,17,mixed,8,1,47.558517,tangency
20,17,mixed,8,2,62.278340,tangency
20,17,mixed,8,3,71.574972,tangency
20,17,mixed,8,4,78.089102,tangency
20,17,mixed,8,5,82.767135,tangency
20,17,mixed,8,6,86.082937,tangency
20,17,mixed,8,7,88.303367,tangency
20,17,mixed,8,8,89.582150,tangency
20,19,mixed,9,1,37.882509,tangency
20,19,mixed,9,2,55.526738,tangency
20,19,mixed,9,3,66.390792,tangency
20,19,mixed,9,4,73.991683,tangency
20,19,mixed,9,5,79.531217,tangency
20,19,mixed,9,6,83.595502,tangency
20,19,mixed,9,7,86.514469,tangency
20,19,mixed,9,8,88.485513,tangency
20,19,mixed,9,9,89.626348,tangency
21,1,odd-odd,1,1,87.270597,pitchfork
21,2,mixed,1,1,89.109089,tangency
21,4,mixed,2,1,85.586242,tangency
21,4,mixed,2,2,89.573488,tangency
21,5,odd-odd,3,1,76.225853,pitchfork
21,5,odd-odd,3,2,86.686267,tangency
21,5,odd-odd,3,3,89.660423,tangency
21,8,mixed,4,1,76.665806,tangency
21,8,mixed,4,2,84.154363,tangency
21,8,mixed,4,3,88.039942,tangency
21,8,mixed,4,4,89.788846,tangency
21,10,mixed,5,1,71.662599,tangency
21,10,mixed,5,2,80.447410,tangency
21,10,mixed,5,3,85.495691,tangency
21,10,mixed,5,4,88.449591,tangency
21,10,mixed,5,5,89.831274,tangency
21,11,odd-odd,6,1,58.411864,pitchfork
21,11,odd-odd,6,2,74.438385,tangency
21,11,odd-odd,6,3,81.537503,tangency
21,11,odd-odd,6,4,85.948373,tangency
21,11,odd-odd,6,5,88.595325,tangency
21,11,odd-odd,6,6,89.846668,tangency
21,13,odd-odd,7,1,51.753380,pitchfork
21,13,odd-odd,7,2,69.517172,tangency
21,13,odd-odd,7,3,77.702958,tangency
21,13,odd-odd,7,4,83.060321,tangency
21,13,odd-odd,7,5,86.618456,tangency
21,13,odd-odd,7,6,88.816811,tangency
21,13,odd-odd,7,7,89.870320,tangency
21,16,mixed,8,1,53.963628,tangency
21,16,mixed,8,2,66.689073,tangency
21,16,mixed,8,3,74.788780,tangency
21,16,mixed,8,4,80.462789,tangency
21,16,mixed,8,5,84.496454,tangency
21,16,mixed,8,6,87.283248,tangency
21,16,mixed,8,7,89.042336,tangency
21,16,mixed,8,8,89.894679,tangency
21,17,odd-odd,9,1,35.950568,pitchfork
21,17,odd-odd,9,2,58.081376,tangency
21,17,odd-odd,9,3,68.674140,tangency
21,17,odd-odd,9,4,75.911640,tangency
21,17,odd-odd,9,5,81.106776,tangency
21,17,odd-odd,9,6,84.846526,tangency
21,17,odd-odd,9,7,87.449283,tangency
21,17,odd-odd,9,8,89.099429,tangency
21,17,odd-odd,9,9,89.900883,tangency
21,19,odd-odd,10,1,25.208765,pitchfork
21,19,odd-odd,10,2,51.071183,tangency
21,19,odd-odd,10,3,63.293645,tangency
21,19,odd-odd,10,4,71.630603,tangency
21,19,odd-odd,10,5,77.681304,tangency
21,19,odd-odd,10,6,82.151694,tangency
21,19,odd-odd,10,7,85.424400,tangency
21,19,odd-odd,10,8,87.726279,tangency
21,19,odd-odd,10,9,89.195273,tangency
21,19,odd-odd,10,10,89.911329,tangency
21,20,mixed,10,1,37.015066,tangency
21,20,mixed,10,2,54.383072,tangency
21,20,mixed,10,3,65.166118,tangency
21,20,mixed,10,4,72.781058,tangency
21,20,mixed,10,5,78.396008,tangency
21,20,mixed,10,6,82.582806,tangency
21,20,mixed,10,7,85.666027,tangency
21,20,mixed,10,8,87.843089,tangency
21,20,mixed,10,9,89.235897,tangency
21,20,mixed,10,10,89.915768,tangency
22,3,mixed,1,1,87.604307,tangency
22,5,mixed,2,1,83.814515,tangency
22,5,mixed,2,2,88.666910,tangency
22,7,mixed,3,1,79.552774,tangency
22,7,mixed,3,2,86.009796,tangency
22,7,mixed,3,3,89.064416,tangency
22,9,mixed,4,1,74.964296,tangency
22,9,mixed,4,2,82.717094,tangency
22,9,mixed,4,3,86.996121,tangency
22,9,mixed,4,4,89.277361,tangency
22,13,mixed,6,1,64.811943,tangency
22,13,mixed,6,2,74.870648,tangency
22,13,mixed,6,3,81.098809,tangency
22,13,mixed,6,4,85.262773,tangency
22,13,mixed,6,5,87.968756,tangency
22,13,mixed,6,6,89.502417,tangency
22,15,mixed,7,1,59.108065,tangency
22,15,mixed,7,2,70.362595,tangency
22,15,mixed,7,3,77.509598,tangency
22,15,mixed,7,4,82.477584,tangency
22,15,mixed,7,5,85.945317,tangency
22,15,mixed,7,6,88.248593,tangency
22,15,mixed,7,7,89.569290,tangency
22,17,mixed,8,1,52.772876,tangency
22,17,mixed,8,2,65.391730,tangency
22,17,mixed,8,3,73.513478,tangency
22,17,mixed,8,4,79.282261,tangency
22,17,mixed,8,5,83.465408,tangency
22,17,mixed,8,6,86.450992,tangency
22,17,mixed,8,7,88.459851,tangency
22,17,mixed,8,8,89.620273,tangency
22,19,mixed,9,1,45.445955,tangency
22,19,mixed,9,2,59.809634,tangency
22,19,mixed,9,3,69.054834,tangency
22,19,mixed,9,4,75.679376,tangency
22,19,mixed,9,5,80.580801,tangency
22,19,mixed,9,6,84.213995,tangency
22,19,mixed,9,7,86.842006,tangency
22,19,mixed,9,8,88.625200,tangency
22,19,mixed,9,9,89.660438,tangency
22,21,mixed,10,1,36.204506,tangency
22,21,mixed,10,2,53.306323,tangency
22,21,mixed,10,3,64.003693,tangency
22,21,mixed,10,4,71.620863,tangency
22,21,mixed,10,5,77.294409,tangency
22,21,mixed,10,6,81.582349,tangency
22,21,mixed,10,7,84.803452,tangency
22,21,mixed,10,8,87.154011,tangency
22,21,mixed,10,9,88.758240,tangency
22,21,mixed,10,10,89.692905,tangency
23,1,odd-odd,1,1,87.508094,pitchfork
23,2,mixed,1,1,89.186621,tangency
23,3,odd-odd,2,1,82.505283,pitchfork
23,3,odd-odd,2,2,89.475250,tangency
23,4,mixed,2,1,85.972689,tangency
23,4,mixed,2,2,89.610606,tangency
23,5,odd-odd,3,1,77.444142,pitchfork
23,5,odd-odd,3,2,86.976467,tangency
23,5,odd-odd,3,3,89.689976,tangency
23,6,mixed,3,1,82.095082,tangency
23,6,mixed,3,2,87.552427,tangency
23,6,mixed,3,3,89.742311,tangency
23,7,odd-odd,4,1,72.281068,pitchfork
23,7,odd-odd,4,2,83.683881,tangency
23,7,odd-odd,4,3,87.935629,tangency
23,7,odd-odd,4,4,89.779463,tangency
23,8,mixed,4,1,77.869524,tangency
23,8,mixed,4,2,84.672913,tangency
23,8,mixed,4,3,88.211628,tangency
23,8,mixed,4,4,89.807223,tangency
23,9,odd-odd,5,1,66.964316,pitchfork
23,9,odd-odd,5,2,79.952948,tangency
23,9,odd-odd,5,3,85.370269,tangency
23,9,odd-odd,5,4,88.420874,tangency
23,9,odd-odd,5,5,89.828759,tangency
23,10,mixed,5,1,73.361866,tangency
23,10,mixed,5,2,81.311553,tangency
23,10,mixed,5,3,85.895407,tangency
23,10,mixed,5,4,88.585401,tangency
23,10,mixed,5,5,89.845958,tangency
23,11,odd-odd,6,1,61.428122,pitchfork
23,11,odd-odd,6,2,75.883469,tangency
23,11,odd-odd,6,3,82.303428,tangency
23,11,odd-odd,6,4,86.307957,tangency
23,11,odd-odd,6,5,88.718370,tangency
23,11,odd-odd,6,6,89.860012,tangency
23,12,mixed,6,1,68.565079,tangency
23,12,mixed,6,2,77.579429,tangency
23,12,mixed,6,3,83.071426,tangency
23,12,mixed,6,4,86.641964,tangency
23,12,mixed,6,5,88.828179,tangency
23,12,mixed,6,6,89.871713,tangency
23,13,odd-odd,7,1,55.582611,pitchfork
23,13,odd-odd,7,2,71.490304,tangency
23,13,odd-odd,7,3,78.847443,tangency
23,13,odd-odd,7,4,83.688816,tangency
23,13,odd-odd,7,5,86.918612,tangency
23,13,odd-odd,7,6,88.920456,tangency
23,13,odd-odd,7,7,89.881606,tangency
23,14,mixed,7,1,63.428149,tangency
23,14,mixed,7,2,73.502514,tangency
23,14,mixed,7,3,79.848577,tangency
23,14,mixed,7,4,84.198498,tangency
23,14,mixed,7,5,87.151903,tangency
23,14,mixed,7,6,88.999129,tangency
23,14,mixed,7,7,89.890081,tangency
23,15,odd-odd,8,1,49.294293,pitchfork
23,15,odd-odd,8,2,66.738568,tangency
23,15,odd-odd,8,3,75.033802,tangency
23,15,odd-odd,8,4,80.666740,tangency
23,15,odd-odd,8,5,84.627789,tangency
23,15,odd-odd,8,6,87.351524,tangency
23,15,odd-odd,8,7,89.067023,tangency
23,15,odd-odd,8,8,89.897423,tangency
23,16,mixed,8,1,57.851787,tangency
23,16,mixed,8,2,69.055711,tangency
23,16,mixed,8,3,76.260689,tangency
23,16,mixed,8,4,81.351818,tangency
23,16,mixed,8,5,84.995131,tangency
23,16,mixed,8,6,87.524423,tangency
23,16,mixed,8,7,89.126227,tangency
23,16,mixed,8,8,89.903845,tangency
23,17,odd-odd,9,1,42.342605,pitchfork
23,17,odd-odd,9,2,61.543503,tangency
23,17,odd-odd,9,3,70.843683,tangency
23,17,odd-odd,9,4,77.276033,tangency
23,17,odd-odd,9,5,81.936039,tangency
23,17,odd-odd,9,6,85.313531,tangency
23,17,odd-odd,9,7,87.675724,tangency
23,17,odd-odd,9,8,89.178319,tangency
23,17,odd-odd,9,9,89.909509,tangency
23,18,mixed,9,1,51.657041,tangency
23,18,mixed,9,2,64.164069,tangency
23,18,mixed,9,3,72.293037,tangency
23,18,mixed,9,4,78.135593,tangency
23,18,mixed,9,5,82.441468,tangency
23,18,mixed,9,6,85.592483,tangency
23,18,mixed,9,7,87.809300,tangency
23,18,mixed,9,8,89.224515,tangency
23,18,mixed,9,9,89.914543,tangency
23,19,odd-odd,10,1,34.301153,pitchfork
23,19,odd-odd,10,2,55.743186,tangency
23,19,odd-odd,10,3,66.209272,tangency
23,19,odd-odd,10,4,73.504648,tangency
23,19,odd-odd,10,5,78.875753,tangency
23,19,odd-odd,10,6,82.883869,tangency
23,19,odd-odd,10,7,85.839104,tangency
23,19,odd-odd,10,8,87.928137,tangency
23,19,odd-odd,10,9,89.265767,tangency
23,19,odd-odd,10,10,89.919046,tangency
23,20,mixed,10,1,44.489633,tangency
23,20,mixed,10,2,58.677851,tangency
23,20,mixed,10,3,67.883220,tangency
23,20,mixed,10,4,74.539507,tangency
23,20,mixed,10,5,79.521661,tangency
23,20,mixed,10,6,83.274887,tangency
23,20,mixed,10,7,86.058856,tangency
23,20,mixed,10,8,88.034580,tangency
23,20,mixed,10,9,89.302833,tangency
23,20,mixed,10,10,89.923098,tangency
23,21,odd-odd,11,1,24.070615,pitchfork
23,21,odd-odd,11,2,49.010770,tangency
23,21,odd-odd,11,3,60.990370,tangency
23,21,odd-odd,11,4,69.294404,tangency
23,21,odd-odd,11,5,75.437691,tangency
23,21,odd-odd,11,6,80.091452,tangency
23,21,odd-odd,11,7,83.623353,tangency
23,21,odd-odd,11,8,86.256005,tangency
23,21,odd-odd,11,9,88.130493,tangency
23,21,odd-odd,11,10,89.336320,tangency
23,21,odd-odd,11,11,89.926764,tangency
23,22,mixed,11,1,35.444884,tangency
23,22,mixed,11,2,52.290323,tangency
23,22,mixed,11,3,62.898829,tangency
23,22,mixed,11,4,70.508739,tangency
23,22,mixed,11,5,76.227100,tangency
23,22,mixed,11,6,80.598642,tangency
23,22,mixed,11,7,83.936115,tangency
23,22,mixed,11,8,86.433944,tangency
23,22,mixed,11,9,88.217381,tangency
23,22,mixed,11,10,89.366727,tangency
23,22,mixed,11,11,89.930095,tangency
24,5,mixed,2,1,84.335716,tangency
24,5,mixed,2,2,88.778329,tangency
24,7,mixed,3,1,80.445349,tangency
24,7,mixed,3,2,86.346215,tangency
24,7,mixed,3,3,89.142614,tangency
24,11,mixed,5,1,71.851352,tangency
24,11,mixed,5,2,79.947570,tangency
24,11,mixed,5,3,84.771391,tangency
24,11,mixed,5,4,87.783420,tangency
24,11,mixed,5,5,89.460036,tangency
24,13,mixed,6,1,67.154168,tangency
24,13,mixed,6,2,76.231584,tangency
24,13,mixed,6,3,81.877536,tangency
24,13,mixed,6,4,85.668411,tangency
24,13,mixed,6,5,88.140070,tangency
24,13,mixed,6,6,89.544006,tangency
24,17,mixed,8,1,56.671430,tangency
24,17,mixed,8,2,67.814462,tangency
24,17,mixed,8,3,75.059128,tangency
24,17,mixed,8,4,80.249175,tangency
24,17,mixed,8,5,84.037662,tangency
24,17,mixed,8,6,86.754970,tangency
24,17,mixed,8,7,88.589753,tangency
24,17,mixed,8,8,89.652011,tangency
24,19,mixed,9,1,50.608656,tangency
24,19,mixed,9,2,63.000515,tangency
24,19,mixed,9,3,71.124931,tangency
24,19,mixed,9,4,77.024238,tangency
24,19,mixed,9,5,81.431162,tangency
24,19,mixed,9,6,84.720823,tangency
24,19,mixed,9,7,87.112514,tangency
24,19,mixed,9,8,88.741157,tangency
24,19,mixed,9,9,89.688820,tangency
24,23,mixed,11,1,34.731086,tangency
24,23,mixed,11,2,51.329656,tangency
24,23,mixed,11,3,61.847238,tangency
24,23,mixed,11,4,69.442246,tangency
24,23,mixed,11,5,75.194046,tangency
24,23,mixed,11,6,79.634653,tangency
24,23,mixed,11,7,83.070745,tangency
24,23,mixed,11,8,85.694398,tangency
24,23,mixed,11,9,87.631031,tangency
24,23,mixed,11,10,88.963163,tangency
24,23,mixed,11,11,89.743125,tangency
25,1,odd-odd,1,1,87.707557,pitchfork
25,2,mixed,1,1,89.251735,tangency
25,3,odd-odd,2,1,83.107897,pitchfork
25,3,odd-odd,2,2,89.517259,tangency
25,4,mixed,2,1,86.296740,tangency
25,4,mixed,2,2,89.641778,tangency
25,6,mixed,3,1,82.737583,tangency
25,6,mixed,3,2,87.749422,tangency
25,6,mixed,3,3,89.762940,tangency
25,7,odd-odd,4,1,73.739795,pitchfork
25,7,odd-odd,4,2,84.197537,tangency
25,7,odd-odd,4,3,88.101789,tangency
25,7,odd-odd,4,4,89.797118,tangency
25,8,mixed,4,1,78.870786,tangency
25,8,mixed,4,2,85.106270,tangency
25,8,mixed,4,3,88.355578,tangency
25,8,mixed,4,4,89.822655,tangency
25,9,odd-odd,5,1,68.899804,pitchfork
25,9,odd-odd,5,2,80.783156,tangency
25,9,odd-odd,5,3,85.746969,tangency
25,9,odd-odd,5,4,88.547984,tangency
25,9,odd-odd,5,5,89.842468,tangency
25,11,odd-odd,6,1,63.896119,pitchfork
25,11,odd-odd,6,2,77.076079,tangency
25,11,odd-odd,6,3,82.940101,tangency
25,11,odd-odd,6,4,86.608427,tangency
25,11,odd-odd,6,5,88.821536,tangency
25,11,odd-odd,6,6,89.871219,tangency
25,12,mixed,6,1,70.425642,tangency
25,12,mixed,6,2,78.629922,tangency
25,12,mixed,6,3,83.644744,tangency
25,12,mixed,6,4,86.915271,tangency
25,12,mixed,6,5,88.922506,tangency
25,12,mixed,6,6,89.881983,tangency
25,13,odd-odd,7,1,58.667749,pitchfork
25,13,odd-odd,7,2,73.101041,tangency
25,13,odd-odd,7,3,79.791415,tangency
25,13,odd-odd,7,4,84.211164,tangency
25,13,odd-odd,7,5,87.169415,tangency
25,13,odd-odd,7,6,89.007356,tangency
25,13,odd-odd,7,7,89.891084,tangency
25,14,mixed,7,1,65.824382,tangency
25,14,mixed,7,2,74.940539,tangency
25,14,mixed,7,3,80.708293,tangency
25,14,mixed,7,4,84.678745,tangency
25,14,mixed,7,5,87.383727,tangency
25,14,mixed,7,6,89.079697,tangency
25,14,mixed,7,7,89.898881,tangency
25,16,mixed,8,1,60.902546,tangency
25,16,mixed,8,2,70.955332,tangency
25,16,mixed,8,3,77.460795,tangency
25,16,mixed,8,4,82.084782,tangency
25,16,mixed,8,5,85.409533,tangency
25,16,mixed,8,6,87.725937,tangency
25,16,mixed,8,7,89.196564,tangency
25,16,mixed,8,8,89.911543,tangency
25,17,odd-odd,9,1,47.156357,pitchfork
25,17,odd-odd,9,2,64.255834,tangency
25,17,odd-odd,9,3,72.584101,tangency
25,17,odd-odd,9,4,78.388224,tangency
25,17,odd-odd,9,5,82.619672,tangency
25,17,odd-odd,9,6,85.701604,tangency
25,17,odd-odd,9,7,87.864926,tangency
25,17,odd-odd,9,8,89.244463,tangency
25,17,odd-odd,9,9,89.916754,tangency
25,18,mixed,9,1,55.559768,tangency
25,18,mixed,9,2,66.634210,tangency
25,18,mixed,9,3,73.903881,tangency
25,18,mixed,9,4,79.173227,tangency
25,18,mixed,9,5,83.082392,tangency
25,18,mixed,9,6,85.957483,tangency
25,18,mixed,9,7,87.987631,tangency
25,18,mixed,9,8,89.286940,tangency
25,18,mixed,9,9,89.921384,tangency
25,19,odd-odd,10,1,40.535802,pitchfork
25,19,odd-odd,10,2,59.249083,tangency
25,19,odd-odd,10,3,68.489126,tangency
25,19,odd-odd,10,4,75.006824,tangency
25,19,odd-odd,10,5,79.849094,tangency
25,19,odd-odd,10,6,83.487388,tangency
25,19,odd-odd,10,7,86.183702,tangency
25,19,odd-odd,10,8,88.096798,tangency
25,19,odd-odd,10,9,89.324872,tangency
25,19,odd-odd,10,10,89.925527,tangency
25,21,odd-odd,11,1,32.859880,pitchfork
25,21,odd-odd,11,2,53.662865,tangency
25,21,odd-odd,11,3,63.979881,tangency
25,21,odd-odd,11,4,71.285068,tangency
25,21,odd-odd,11,5,76.765863,tangency
25,21,odd-odd,11,6,80.959019,tangency
25,21,odd-odd,11,7,84.164307,tangency
25,21,odd-odd,11,8,86.566105,tangency
25,21,odd-odd,11,9,88.282684,tangency
25,21,odd-odd,11,10,89.389746,tangency
25,21,odd-odd,11,11,89.932627,tangency
25,22,mixed,11,1,42.744620,tangency
25,22,mixed,11,2,56.590941,tangency
25,22,mixed,11,3,65.698314,tangency
25,22,mixed,11,4,72.384882,tangency
25,22,mixed,11,5,77.484001,tangency
25,22,mixed,11,6,81.422018,tangency
25,22,mixed,11,7,84.450592,tangency
25,22,mixed,11,8,86.729317,tangency
25,22,mixed,11,9,88.362500,tangency
25,22,mixed,11,10,89.417704,tangency
25,22,mixed,11,11,89.935692,tangency
25,23,odd-odd,12,1,23.073918,pitchfork
25,23,odd-odd,12,2,47.179544,tangency
25,23,odd-odd,12,3,58.914980,tangency
25,23,odd-odd,12,4,67.156615,tangency
25,23,odd-odd,12,5,73.345537,tangency
25,23,odd-odd,12,6,78.121515,tangency
25,23,odd-odd,12,7,81.837278,tangency
25,23,odd-odd,12,8,84.709137,tangency
25,23,odd-odd,12,9,86.877413,tangency
25,23,odd-odd,12,10,88.435155,tangency
25,23,odd-odd,12,11,89.443205,tangency
25,23,odd-odd,12,12,89.938490,tangency
25,24,mixed,12,1,34.058690,tangency
25,24,mixed,12,2,50.419544,tangency
25,24,mixed,12,3,60.845014,tangency
25,24,mixed,12,4,68.418952,tangency
25,24,mixed,12,5,74.194741,tangency
25,24,mixed,12,6,78.692265,tangency
25,24,mixed,12,7,82.212181,tangency
25,24,mixed,12,8,84.943910,tangency
25,24,mixed,12,9,87.012437,tangency
25,24,mixed,12,10,88.501579,tangency
25,24,mixed,12,11,89.466558,tangency
25,24,mixed,12,12,89.941055,tangency
26,3,mixed,1,1,87.973805,tangency
26,5,mixed,2,1,84.775539,tangency
26,5,mixed,2,2,88.872538,tangency
26,7,mixed,3,1,81.195951,tangency
26,7,mixed,3,2,86.630067,tangency
26,7,mixed,3,3,89.208733,tangency
26,9,mixed,4,1,77.371465,tangency
26,9,mixed,4,2,83.863996,tangency
26,9,mixed,4,3,87.463149,tangency
26,9,mixed,4,4,89.388831,tangency
26,11,mixed,5,1,73.334545,tangency
26,11,mixed,5,2,80.752338,tangency
26,11,mixed,5,3,85.182822,tangency
26,11,mixed,5,4,87.955661,tangency
26,11,mixed,5,5,89.501677,tangency
26,15,mixed,7,1,64.568650,tangency
26,15,mixed,7,2,73.704446,tangency
26,15,mixed,7,3,79.568456,tangency
26,15,mixed,7,4,83.686394,tangency
26,15,mixed,7,5,86.584414,tangency
26,15,mixed,7,6,88.520935,tangency
26,15,mixed,7,7,89.635730,tangency
26,17,mixed,8,1,59.746149,tangency
26,17,mixed,8,2,69.769236,tangency
26,17,mixed,8,3,76.325960,tangency
26,17,mixed,8,4,81.050608,tangency
26,17,mixed,8,5,84.515837,tangency
26,17,mixed,8,6,87.010439,tangency
26,17,mixed,8,7,88.699347,tangency
26,17,mixed,8,8,89.678848,tangency
26,19,mixed,9,1,54.510481,tangency
26,19,mixed,9,2,65.510623,tangency
26,19,mixed,9,3,72.793425,tangency
26,19,mixed,9,4,78.126012,tangency
26,19,mixed,9,5,82.135862,tangency
26,19,mixed,9,6,85.144301,tangency
26,19,mixed,9,7,87.339849,tangency
26,19,mixed,9,8,88.838986,tangency
26,19,mixed,9,9,89.712818,tangency
26,21,mixed,10,1,48.689165,tangency
26,21,mixed,10,2,60.845985,tangency
26,21,mixed,10,3,68.934988,tangency
26,21,mixed,10,4,74.908500,tangency
26,21,mixed,10,5,79.467288,tangency
26,21,mixed,10,6,82.972657,tangency
26,21,mixed,10,7,85.639117,tangency
26,21,mixed,10,8,87.602689,tangency
26,21,mixed,10,9,88.951340,tangency
26,21,mixed,10,10,89.740276,tangency
26,23,mixed,11,1,41.945525,tangency
26,23,mixed,11,2,55.626245,tangency
26,23,mixed,11,3,64.678192,tangency
26,23,mixed,11,4,71.367154,tangency
26,23,mixed,11,5,76.507380,tangency
26,23,mixed,11,6,80.516208,tangency
26,23,mixed,11,7,83.641009,tangency
26,23,mixed,11,8,86.039871,tangency
26,23,mixed,11,9,87.817558,tangency
26,23,mixed,11,10,89.043741,tangency
26,23,mixed,11,11,89.762935,tangency
26,25,mixed,12,1,33.423848,tangency
26,25,mixed,12,2,49.555756,tangency
26,25,mixed,12,3,59.888602,tangency
26,25,mixed,12,4,67.436485,tangency
26,25,mixed,12,5,73.228370,tangency
26,25,mixed,12,6,77.772591,tangency
26,25,mixed,12,7,81.363889,tangency
26,25,mixed,12,8,84.188851,tangency
26,25,mixed,12,9,86.371615,tangency
26,25,mixed,12,10,87.996638,tangency
26,25,mixed,12,11,89.121096,tangency
26,25,mixed,12,12,89.781953,tangency
27,1,odd-odd,1,1,87.877449,pitchfork
27,2,mixed,1,1,89.307193,tangency
27,4,mixed,2,1,86.572411,tangency
27,4,mixed,2,2,89.668329,tangency
27,5,odd-odd,3,1,79.328071,pitchfork
27,5,odd-odd,3,2,87.426788,tangency
27,5,odd-odd,3,3,89.735933,tangency
27,7,odd-odd,4,1,74.973886,pitchfork
27,7,odd-odd,4,2,84.633403,tangency
27,7,odd-odd,4,3,88.243131,tangency
27,7,odd-odd,4,4,89.812156,tangency
27,8,mixed,4,1,79.717337,tangency
27,8,mixed,4,2,85.473971,tangency
27,8,mixed,4,3,88.478027,tangency
27,8,mixed,4,4,89.835800,tangency
27,10,mixed,5,1,75.944945,tangency
27,10,mixed,5,2,82.637119,tangency
27,10,mixed,5,3,86.512809,tangency
27,10,mixed,5,4,88.796128,tangency
27,10,mixed,5,5,89.868793,tangency
27,11,odd-odd,6,1,65.957924,pitchfork
27,11,odd-odd,6,2,78.078509,tangency
27,11,odd-odd,6,3,83.478119,tangency
27,11,odd-odd,6,4,86.863350,tangency
27,11,odd-odd,6,5,88.909291,tangency
27,11,odd-odd,6,6,89.880764,tangency
27,13,odd-odd,7,1,61.217795,pitchfork
27,13,odd-odd,7,2,74.444272,tangency
27,13,odd-odd,7,3,80.584496,tangency
27,13,odd-odd,7,4,84.652516,tangency
27,13,odd-odd,7,5,87.382193,tangency
27,13,odd-odd,7,6,89.081275,tangency
27,13,odd-odd,7,7,89.899157,tangency
27,14,mixed,7,1,67.802171,tangency
27,14,mixed,7,2,76.139248,tangency
27,14,mixed,7,3,81.430488,tangency
27,14,mixed,7,4,85.084508,tangency
27,14,mixed,7,5,87.580402,tangency
27,14,mixed,7,6,89.148229,tangency
27,14,mixed,7,7,89.906376,tangency
27,16,mixed,8,1,63.380643,tangency
27,16,mixed,8,2,72.520954,tangency
27,16,mixed,8,3,78.460663,tangency
27,16,mixed,8,4,82.700388,tangency
27,16,mixed,8,5,85.759643,tangency
27,16,mixed,8,6,87.896895,tangency
27,16,mixed,8,7,89.256394,tangency
27,16,mixed,8,8,89.918099,tangency
27,17,odd-odd,9,1,50.977197,pitchfork
27,17,odd-odd,9,2,66.456509,tangency
27,17,odd-odd,9,3,74.017889,tangency
27,17,odd-odd,9,4,79.314686,tangency
27,17,odd-odd,9,5,83.193806,tangency
27,17,odd-odd,9,6,86.029463,tangency
27,17,odd-odd,9,7,88.025438,tangency
27,17,odd-odd,9,8,89.300726,tangency
27,17,odd-odd,9,9,89.922924,tangency
27,19,odd-odd,10,1,45.275087,pitchfork
27,19,odd-odd,10,2,62.023155,tangency
27,19,odd-odd,10,3,70.336296,tangency
27,19,odd-odd,10,4,76.243606,tangency
27,19,odd-odd,10,5,80.659690,tangency
27,19,odd-odd,10,6,83.994192,tangency
27,19,odd-odd,10,7,86.474821,tangency
27,19,odd-odd,10,8,88.239882,tangency
27,19,odd-odd,10,9,89.375147,tangency
27,19,odd-odd,10,10,89.931047,tangency
27,20,mixed,10,1,53.518016,tangency
27,20,mixed,10,2,64.439691,tangency
27,20,mixed,10,3,71.725962,tangency
27,20,mixed,10,4,77.108539,tangency
27,20,mixed,10,5,81.202574,tangency
27,20,mixed,10,6,84.324341,tangency
27,20,mixed,10,7,86.661026,tangency
27,20,mixed,10,8,88.330312,tangency
27,20,mixed,10,9,89.406691,tangency
27,20,mixed,10,10,89.934498,tangency
27,22,mixed,11,1,47.807462,tangency
27,22,mixed,11,2,59.846293,tangency
27,22,mixed,11,3,67.907806,tangency
27,22,mixed,11,4,73.903185,tangency
27,22,mixed,11,5,78.518286,tangency
27,22,mixed,11,6,82.107563,tangency
27,22,mixed,11,7,84.882583,tangency
27,22,mixed,11,8,86.978843,tangency
27,22,mixed,11,9,88.485612,tangency
27,22,mixed,11,10,89.461067,tangency
27,22,mixed,11,11,89.940458,tangency
27,23,odd-odd,12,1,31.586338,pitchfork
27,23,odd-odd,12,2,51.796983,tangency
27,23,odd-odd,12,3,61.953483,tangency
27,23,odd-odd,12,4,69.236897,tangency
27,23,odd-odd,12,5,74.782237,tangency
27,23,odd-odd,12,6,79.103526,tangency
27,23,odd-odd,12,7,82.489762,tangency
27,23,odd-odd,12,8,85.121035,tangency
27,23,odd-odd,12,9,87.115647,tangency
27,23,odd-odd,12,10,88.552805,tangency
27,23,odd-odd,12,11,89.484668,tangency
27,23,odd-odd,12,12,89.943049,tangency
27,25,odd-odd,13,1,22.191607,pitchfork
27,25,odd-odd,13,2,45.538246,tangency
27,25,odd-odd,13,3,57.033568,tangency
27,25,odd-odd,13,4,65.194347,tangency
27,25,odd-odd,13,5,71.396829,tangency
27,25,odd-odd,13,6,76.252470,tangency
27,25,odd-odd,13,7,80.099787,tangency
27,25,odd-odd,13,8,83.148090,tangency
27,25,odd-odd,13,9,85.535132,tangency
27,25,odd-odd,13,10,87.354586,tangency
27,25,odd-odd,13,11,88.670622,tangency
27,25,odd-odd,13,12,89.526152,tangency
27,25,odd-odd,13,13,89.947608,tangency
27,26,mixed,13,1,32.823193,tangency
27,26,mixed,13,2,48.734536,tangency
27,26,mixed,13,3,58.974764,tangency
27,26,mixed,13,4,66.492567,tangency
27,26,mixed,13,5,72.293930,tangency
27,26,mixed,13,6,76.876189,tangency
27,26,mixed,13,7,80.528325,tangency
27,26,mixed,13,8,83.433997,tangency
27,26,mixed,13,9,85.716203,tangency
27,26,mixed,13,10,87.459575,tangency
27,26,mixed,13,11,88.722564,tangency
27,26,mixed,13,12,89.544479,tangency
27,26,mixed,13,13,89.949624,tangency
28,3,mixed,1,1,88.118833,tangency
28,5,mixed,2,1,85.151732,tangency
28,5,mixed,2,2,88.953244,tangency
28,9,mixed,4,1,78.303067,tangency
28,9,mixed,4,2,84.310699,tangency
28,9,mixed,4,3,87.645922,tangency
28,9,mixed,4,4,89.432581,tangency
28,11,mixed,5,1,74.587646,tangency
28,11,mixed,5,2,81.435765,tangency
28,11,mixed,5,3,85.533654,tangency
28,11,mixed,5,4,88.102959,tangency
28,11,mixed,5,5,89.537349,tangency
28,13,mixed,6,1,70.690684,tangency
28,13,mixed,6,2,78.313464,tangency
28,13,mixed,6,3,83.081014,tangency
28,13,mixed,6,4,86.300037,tangency
28,13,mixed,6,5,88.408205,tangency
28,13,mixed,6,6,89.609296,tangency
28,15,mixed,7,1,66.592447,tangency
28,15,mixed,7,2,74.965406,tangency
28,15,mixed,7,3,80.356034,tangency
28,15,mixed,7,4,84.153566,tangency
28,15,mixed,7,5,86.833252,tangency
28,15,mixed,7,6,88.627510,tangency
28,15,mixed,7,7,89.661806,tangency
28,17,mixed,8,1,62.254705,tangency
28,17,mixed,8,2,71.387481,tangency
28,17,mixed,8,3,77.386163,tangency
28,17,mixed,8,4,81.726810,tangency
28,17,mixed,8,5,84.921748,tangency
28,17,mixed,8,6,87.228257,tangency
28,17,mixed,8,7,88.793068,tangency
28,17,mixed,8,8,89.701837,tangency
28,19,mixed,9,1,57.615874,tangency
28,19,mixed,9,2,67.554550,tangency
28,19,mixed,9,3,74.173570,tangency
28,19,mixed,9,4,79.047766,tangency
28,19,mixed,9,5,82.730364,tangency
28,19,mixed,9,6,85.503763,tangency
28,19,mixed,9,7,87.533676,tangency
28,19,mixed,9,8,88.922646,tangency
28,19,mixed,9,9,89.733376,tangency
28,23,mixed,11,1,46.971785,tangency
28,23,mixed,11,2,58.893194,tangency
28,23,mixed,11,3,66.922389,tangency
28,23,mixed,11,4,72.931715,tangency
28,23,mixed,11,5,77.592817,tangency
28,23,mixed,11,6,81.253436,tangency
28,23,mixed,11,7,84.122017,tangency
28,23,mixed,11,8,86.333102,tangency
28,23,mixed,11,9,87.976589,tangency
28,23,mixed,11,10,89.112647,tangency
28,23,mixed,11,11,89.779905,tangency
28,25,mixed,12,1,40.472875,tangency
28,25,mixed,12,2,53.834147,tangency
28,25,mixed,12,3,62.767229,tangency
28,25,mixed,12,4,69.442482,tangency
28,25,mixed,12,5,74.639003,tangency
28,25,mixed,12,6,78.757099,tangency
28,25,mixed,12,7,82.035508,tangency
28,25,mixed,12,8,84.628503,tangency
28,25,mixed,12,9,86.640301,tangency
28,25,mixed,12,10,88.142623,tangency
28,25,mixed,12,11,89.184429,tangency
28,25,mixed,12,12,89.797561,tangency
28,27,mixed,13,1,32.253767,tangency
28,27,mixed,13,2,47.952531,tangency
28,27,mixed,13,3,58.100551,tangency
28,27,mixed,13,4,65.585034,tangency
28,27,mixed,13,5,71.390298,tangency
28,27,mixed,13,6,76.003224,tangency
28,27,mixed,13,7,79.707204,tangency
28,27,mixed,13,8,82.682930,tangency
28,27,mixed,13,9,85.052068,tangency
28,27,mixed,13,10,86.899083,tangency
28,27,mixed,13,11,88.283209,tangency
28,27,mixed,13,12,89.245417,tangency
28,27,mixed,13,13,89.812592,tangency
29,1,odd-odd,1,1,88.023892,pitchfork
29,2,mixed,1,1,89.354997,tangency
29,3,odd-odd,2,1,84.062228,pitchfork
29,3,odd-odd,2,2,89.583879,tangency
29,4,mixed,2,1,86.809805,tangency
29,4,mixed,2,2,89.691214,tangency
29,5,odd-odd,3,1,80.071808,pitchfork
29,5,odd-odd,3,2,87.605033,tangency
29,5,odd-odd,3,3,89.754154,tangency
29,6,mixed,3,1,83.751527,tangency
29,6,mixed,3,2,88.061292,tangency
29,6,mixed,3,3,89.795655,tangency
29,7,odd-odd,4,1,76.032037,pitchfork
29,7,odd-odd,4,2,85.008003,tangency
29,7,odd-odd,4,3,88.364841,tangency
29,7,odd-odd,4,4,89.825117,tangency
29,8,mixed,4,1,80.442846,tangency
29,8,mixed,4,2,85.789969,tangency
29,8,mixed,4,3,88.583466,tangency
29,8,mixed,4,4,89.847130,tangency
29,9,odd-odd,5,1,71.919987,pitchfork
29,9,odd-odd,5,2,82.086183,tangency
29,9,odd-odd,5,3,86.341243,tangency
29,9,odd-odd,5,4,88.749211,tangency
29,9,odd-odd,5,5,89.864208,tangency
29,10,mixed,5,1,76.951932,tangency
29,10,mixed,5,2,83.157288,tangency
29,10,mixed,5,3,86.756335,tangency
29,10,mixed,5,4,88.879532,tangency
29,10,mixed,5,5,89.877846,tangency
29,11,odd-odd,6,1,67.709030,pitchfork
29,11,odd-odd,6,2,78.933740,tangency
29,11,odd-odd,6,3,83.939020,tangency
29,11,odd-odd,6,4,87.082410,tangency
29,11,odd-odd,6,5,88.984856,tangency
29,11,odd-odd,6,6,89.888991,tangency
29,12,mixed,6,1,73.295546,tangency
29,12,mixed,6,2,80.265618,tangency
29,12,mixed,6,3,84.544171,tangency
29,12,mixed,6,4,87.346394,tangency
29,12,mixed,6,5,89.071834,tangency
29,12,mixed,6,6,89.898270,tangency
29,13,odd-odd,7,1,63.366881,pitchfork
29,13,odd-odd,7,2,75.583480,tangency
29,13,odd-odd,7,3,81.260878,tangency
29,13,odd-odd,7,4,85.030570,tangency
29,13,odd-odd,7,5,87.565034,tangency
29,13,odd-odd,7,6,89.144925,tangency
29,13,odd-odd,7,7,89.906115,tangency
29,14,mixed,7,1,69.467074,tangency
29,14,mixed,7,2,77.155560,tangency
29,14,mixed,7,3,82.046349,tangency
29,14,mixed,7,4,85.432065,tangency
29,14,mixed,7,5,87.749404,tangency
29,14,mixed,7,6,89.207241,tangency
29,14,mixed,7,7,89.912836,tangency
29,15,odd-odd,8,1,58.852610,pitchfork
29,15,odd-odd,8,2,72.039512,tangency
29,15,odd-odd,8,3,78.350918,tangency
29,15,odd-odd,8,4,82.688070,tangency
29,15,odd-odd,8,5,85.770199,tangency
29,15,odd-odd,8,6,87.907161,tangency
29,15,odd-odd,8,7,89.261018,tangency
29,15,odd-odd,8,8,89.918658,tangency
29,16,mixed,8,1,65.443628,tangency
29,16,mixed,8,2,73.837412,tangency
29,16,mixed,8,3,79.308048,tangency
29,16,mixed,8,4,83.225278,tangency
29,16,mixed,8,5,86.059517,tangency
29,16,mixed,8,6,88.043797,tangency
29,16,mixed,8,7,89.307912,tangency
29,16,mixed,8,8,89.923750,tangency
29,17,odd-odd,9,1,54.111702,pitchfork
29,17,odd-odd,9,2,68.286933,tangency
29,17,odd-odd,9,3,75.223092,tangency
29,17,odd-odd,9,4,80.099755,tangency
29,17,odd-odd,9,5,83.683312,tangency
29,17,odd-odd,9,6,86.310273,tangency
29,17,odd-odd,9,7,88.163364,tangency
29,17,odd-odd,9,8,89.349173,tangency
29,17,odd-odd,9,9,89.928242,tangency
29,18,mixed,9,1,61.185776,tangency
29,18,mixed,9,2,70.301374,tangency
29,18,mixed,9,3,76.345301,tangency
29,18,mixed,9,4,80.769724,tangency
29,18,mixed,9,5,84.079511,tangency
29,18,mixed,9,6,86.529950,tangency
29,18,mixed,9,7,88.268921,tangency
29,18,mixed,9,8,89.385763,tangency
29,18,mixed,9,9,89.932234,tangency
29,19,odd-odd,10,1,49.067275,pitchfork
29,19,odd-odd,10,2,64.293072,tangency
29,19,odd-odd,10,3,71.871026,tangency
29,19,odd-odd,10,4,77.282732,tangency
29,19,odd-odd,10,5,81.346443,tangency
29,19,odd-odd,10,6,84.426259,tangency
29,19,odd-odd,10,7,86.724159,tangency
29,19,odd-odd,10,8,88.362832,tangency
29,19,odd-odd,10,9,89.418438,tangency
29,19,odd-odd,10,10,89.935804,tangency
29,20,mixed,10,1,56.631905,tangency
29,20,mixed,10,2,66.519394,tangency
29,20,mixed,10,3,73.154083,tangency
29,20,mixed,10,4,78.082922,tangency
29,20,mixed,10,5,81.849588,tangency
29,20,mixed,10,6,84.732701,tangency
29,20,mixed,10,7,86.897202,tangency
29,20,mixed,10,8,88.446946,tangency
29,20,mixed,10,9,89.447797,tangency
29,20,mixed,10,10,89.939018,tangency
29,21,odd-odd,11,1,43.602819,pitchfork
29,21,odd-odd,11,2,60.002996,tangency
29,21,odd-odd,11,3,68.270046,tangency
29,21,odd-odd,11,4,74.234586,tangency
29,21,odd-odd,11,5,78.777081,tangency
29,21,odd-odd,11,6,82.293340,tangency
29,21,odd-odd,11,7,85.005771,tangency
29,21,odd-odd,11,8,87.052442,tangency
29,21,odd-odd,11,9,88.522738,tangency
29,21,odd-odd,11,10,89.474321,tangency
29,21,odd-odd,11,11,89.941924,tangency
29,22,mixed,11,1,51.684534,tangency
29,22,mixed,11,2,62.441305,tangency
29,22,mixed,11,3,69.712264,tangency
29,22,mixed,11,4,75.163545,tangency
29,22,mixed,11,5,79.386915,tangency
29,22,mixed,11,6,82.688263,tangency
29,22,mixed,11,7,85.250843,tangency
29,22,mixed,11,8,87.192552,tangency
29,22,mixed,11,9,88.591399,tangency
29,22,mixed,11,10,89.498405,tangency
29,22,mixed,11,11,89.944566,tangency
29,23,odd-odd,12,1,37.523513,pitchfork
29,23,odd-odd,12,2,55.327119,tangency
29,23,odd-odd,12,3,64.373664,tangency
29,23,odd-odd,12,4,70.935147,tangency
29,23,odd-odd,12,5,75.974620,tangency
29,23,odd-odd,12,6,79.928173,tangency
29,23,odd-odd,12,7,83.042433,tangency
29,23,odd-odd,12,8,85.472159,tangency
29,23,odd-odd,12,9,87.319684,tangency
29,23,odd-odd,12,10,88.653899,tangency
29,23,odd-odd,12,11,89.520372,tangency
29,23,odd-odd,12,12,89.946979,tangency
29,24,mixed,12,1,46.178284,tangency
29,24,mixed,12,2,57.983298,tangency
29,24,mixed,12,3,65.976315,tangency
29,24,mixed,12,4,71.992959,tangency
29,24,mixed,12,5,76.691339,tangency
29,24,mixed,12,6,80.412662,tangency
29,24,mixed,12,7,83.362156,tangency
29,24,mixed,12,8,85.673120,tangency
29,24,mixed,12,9,87.435593,tangency
29,24,mixed,12,10,88.711040,tangency
29,24,mixed,12,11,89.540489,tangency
29,24,mixed,12,12,89.949189,tangency
29,25,odd-odd,13,1,30.450314,pitchfork
29,25,odd-odd,13,2,50.111505,tangency
29,25,odd-odd,13,3,60.102694,tangency
29,25,odd-odd,13,4,67.343320,tangency
29,25,odd-odd,13,5,72.921638,tangency
29,25,odd-odd,13,6,77.330860,tangency
29,25,odd-odd,13,7,80.849463,tangency
29,25,odd-odd,13,8,83.652450,tangency
29,25,odd-odd,13,9,85.856491,tangency
29,25,odd-odd,13,10,87.541727,tangency
29,25,odd-odd,13,11,88.763487,tangency
29,25,odd-odd,13,12,89.558981,tangency
29,25,odd-odd,13,13,89.951223,tangency
29,26,mixed,13,1,39.792300,tangency
29,26,mixed,13,2,52.999883,tangency
29,26,mixed,13,3,61.870904,tangency
29,26,mixed,13,4,68.532107,tangency
29,26,mixed,13,5,73.746407,tangency
29,26,mixed,13,6,77.906112,tangency
29,26,mixed,13,7,81.245715,tangency
29,26,mixed,13,8,83.917365,tangency
29,26,mixed,13,9,86.024544,tangency
29,26,mixed,13,10,87.639292,tangency
29,26,mixed,13,11,88.811801,tangency
29,26,mixed,13,12,89.576039,tangency
29,26,mixed,13,13,89.953100,tangency
29,27,odd-odd,14,1,21.403350,pitchfork
29,27,odd-odd,14,2,44.056358,tangency
29,27,odd-odd,14,3,55.318523,tangency
29,27,odd-odd,14,4,63.387076,tangency
29,27,odd-odd,14,5,69.580817,tangency
29,27,odd-odd,14,6,74.485731,tangency
29,27,odd-odd,14,7,78.427089,tangency
29,27,odd-odd,14,8,81.607128,tangency
29,27,odd-odd,14,9,84.160213,tangency
29,27,odd-odd,14,10,86.179167,tangency
29,27,odd-odd,14,11,87.729299,tangency
29,27,odd-odd,14,12,88.856455,tangency
29,27,odd-odd,14,13,89.591823,tangency
29,27,odd-odd,14,14,89.954838,tangency
29,28,mixed,14,1,31.712957,tangency
29,28,mixed,14,2,47.206745,tangency
29,28,mixed,14,3,57.263277,tangency
29,28,mixed,14,4,64.711840,tangency
29,28,mixed,14,5,70.516297,tangency
29,28,mixed,14,6,75.153580,tangency
29,28,mixed,14,7,78.901684,tangency
29,28,mixed,14,8,81.938335,tangency
29,28,mixed,14,9,84.383738,tangency
29,28,mixed,14,10,86.321944,tangency
29,28,mixed,14,11,87.812605,tangency
29,28,mixed,14,12,88.897852,tangency
29,28,mixed,14,13,89.606471,tangency
29,28,mixed,14,14,89.956452,tangency
30,7,mixed,3,1,82.389039,tangency
30,7,mixed,3,2,87.082843,tangency
30,7,mixed,3,3,89.314442,tangency
30,11,mixed,5,1,75.661492,tangency
30,11,mixed,5,2,82.023748,tangency
30,11,mixed,5,3,85.836460,tangency
30,11,mixed,5,4,88.230385,tangency
30,11,mixed,5,5,89.568251,tangency
30,13,mixed,6,1,72.064543,tangency
30,13,mixed,6,2,79.129666,tangency
30,13,mixed,6,3,83.556370,tangency
30,13,mixed,6,4,86.550930,tangency
30,13,mixed,6,5,88.515131,tangency
30,13,mixed,6,6,89.635393,tangency
30,17,mixed,8,1,64.351008,tangency
30,17,mixed,8,2,72.753434,tangency
30,17,mixed,8,3,78.288193,tangency
30,17,mixed,8,4,82.305672,tangency
30,17,mixed,8,5,85.270857,tangency
30,17,mixed,8,6,87.416240,tangency
30,17,mixed,8,7,88.874144,tangency
30,17,mixed,8,8,89.721753,tangency
30,19,mixed,9,1,60.169325,tangency
30,19,mixed,9,2,69.260005,tangency
30,19,mixed,9,3,75.337820,tangency
30,19,mixed,9,4,79.831792,tangency
30,19,mixed,9,5,83.239231,tangency
30,19,mixed,9,6,85.812911,tangency
30,19,mixed,9,7,87.700954,tangency
30,19,mixed,9,8,88.995018,tangency
30,19,mixed,9,9,89.751184,tangency
30,23,mixed,11,1,50.835335,tangency
30,23,mixed,11,2,61.507349,tangency
30,23,mixed,11,3,68.762101,tangency
30,23,mixed,11,4,74.235354,tangency
30,23,mixed,11,5,78.507850,tangency
30,23,mixed,11,6,81.880317,tangency
30,23,mixed,11,7,84.533684,tangency
30,23,mixed,11,8,86.585278,tangency
30,23,mixed,11,9,88.113834,tangency
30,23,mixed,11,10,89.172257,tangency
30,23,mixed,11,11,89.794606,tangency
30,29,mixed,14,1,31.198447,tangency
30,29,mixed,14,2,46.494490,tangency
30,29,mixed,14,3,56.460489,tangency
30,29,mixed,14,4,63.871060,tangency
30,29,mixed,14,5,69.670723,tangency
30,29,mixed,14,6,74.326941,tangency
30,29,mixed,14,7,78.112509,tangency
30,29,mixed,14,8,81.202215,tangency
30,29,mixed,14,9,83.714719,tangency
30,29,mixed,14,10,85.733484,tangency
30,29,mixed,14,11,87.318307,tangency
30,29,mixed,14,12,88.512101,tangency
30,29,mixed,14,13,89.345051,tangency
30,29,mixed,14,14,89.837196,tangency
31,1,odd-odd,1,1,88.151428,pitchfork
31,2,mixed,1,1,89.396628,tangency
31,3,odd-odd,2,1,84.446556,pitchfork
31,3,odd-odd,2,2,89.610737,tangency
31,4,mixed,2,1,87.016389,tangency
31,4,mixed,2,2,89.711145,tangency
31,5,odd-odd,3,1,80.718201,pitchfork
31,5,odd-odd,3,2,87.760141,tangency
31,5,odd-odd,3,3,89.770022,tangency
31,6,mixed,3,1,84.158763,tangency
31,6,mixed,3,2,88.186858,tangency
31,6,mixed,3,3,89.808844,tangency
31,7,odd-odd,4,1,76.949695,pitchfork
31,7,odd-odd,4,2,85.333468,tangency
31,7,odd-odd,4,3,88.470750,tangency
31,7,odd-odd,4,4,89.836405,tangency
31,8,mixed,4,1,81.071781,tangency
31,8,mixed,4,2,86.064506,tangency
31,8,mixed,4,3,88.675216,tangency
31,8,mixed,4,4,89.856997,tangency
31,9,odd-odd,5,1,73.122731,pitchfork
31,9,odd-odd,5,2,82.607341,tangency
31,9,odd-odd,5,3,86.579861,tangency
31,9,odd-odd,5,4,88.830227,tangency
31,9,odd-odd,5,5,89.872972,tangency
31,10,mixed,5,1,77.822016,tangency
31,10,mixed,5,2,83.608098,tangency
31,10,mixed,5,3,86.967899,tangency
31,10,mixed,5,4,88.952107,tangency
31,10,mixed,5,5,89.885731,tangency
31,11,odd-odd,6,1,69.216440,pitchfork
31,11,odd-odd,6,2,79.672501,tangency
31,11,odd-odd,6,3,84.338438,tangency
31,11,odd-odd,6,4,87.272717,tangency
31,11,odd-odd,6,5,89.050610,tangency
31,11,odd-odd,6,6,89.896156,tangency
31,12,mixed,6,1,74.428740,tangency
31,12,mixed,6,2,80.915925,tangency
31,12,mixed,6,3,84.903780,tangency
31,12,mixed,6,4,87.519489,tangency
31,12,mixed,6,5,89.131954,tangency
31,12,mixed,6,6,89.904836,tangency
31,13,odd-odd,7,1,65.206138,pitchfork
31,13,odd-odd,7,2,76.563042,tangency
31,13,odd-odd,7,3,81.844981,tangency
31,13,odd-odd,7,4,85.358166,tangency
31,13,odd-odd,7,5,87.723873,tangency
31,13,odd-odd,7,6,89.200311,tangency
31,13,odd-odd,7,7,89.912175,tangency
31,14,mixed,7,1,70.890637,tangency
31,14,mixed,7,2,78.029225,tangency
31,14,mixed,7,3,82.578144,tangency
31,14,mixed,7,4,85.733227,tangency
31,14,mixed,7,5,87.896220,tangency
31,14,mixed,7,6,89.258591,tangency
31,14,mixed,7,7,89.918462,tangency
31,15,odd-odd,8,1,61.061472,pitchfork
31,15,odd-odd,8,2,73.287413,tangency
31,15,odd-odd,8,3,79.143874,tangency
31,15,odd-odd,8,4,83.177091,tangency
31,15,odd-odd,8,5,86.049092,tangency
31,15,odd-odd,8,6,88.043689,tangency
31,15,odd-odd,8,7,89.308885,tangency
31,15,odd-odd,8,8,89.923908,tangency
31,16,mixed,8,1,67.193270,tangency
31,16,mixed,8,2,74.962037,tangency
31,16,mixed,8,3,80.036265,tangency
31,16,mixed,8,4,83.678467,tangency
31,16,mixed,8,5,86.319352,tangency
31,16,mixed,8,6,88.171413,tangency
31,16,mixed,8,7,89.352741,tangency
31,16,mixed,8,8,89.928672,tangency
31,17,odd-odd,9,1,56.743569,pitchfork
31,17,odd-odd,9,2,69.838261,tangency
31,17,odd-odd,9,3,76.252401,tangency
31,17,odd-odd,9,4,80.774346,tangency
31,17,odd-odd,9,5,84.105933,tangency
31,17,odd-odd,9,6,86.553587,tangency
31,17,odd-odd,9,7,88.283181,tangency
31,17,odd-odd,9,8,89.391329,tangency
31,17,odd-odd,9,9,89.932873,tangency
31,18,mixed,9,1,63.310325,tangency
31,18,mixed,9,2,71.711484,tangency
31,18,mixed,9,3,77.297223,tangency
31,18,mixed,9,4,81.398886,tangency
31,18,mixed,9,5,84.475679,tangency
31,18,mixed,9,6,86.758788,tangency
31,18,mixed,9,7,88.381854,tangency
31,18,mixed,9,8,89.425550,tangency
31,18,mixed,9,9,89.936608,tangency
31,19,odd-odd,10,1,52.200278,pitchfork
31,19,odd-odd,10,2,66.194986,tangency
31,19,odd-odd,10,3,73.170642,tangency
31,19,odd-odd,10,4,78.169879,tangency
31,19,odd-odd,10,5,81.936463,tangency
31,19,odd-odd,10,6,84.799268,tangency
31,19,odd-odd,10,7,86.940198,tangency
31,19,odd-odd,10,8,88.469638,tangency
31,19,odd-odd,10,9,89.456108,tangency
31,19,odd-odd,10,10,89.939948,tangency
31,20,mixed,10,1,59.201289,tangency
31,20,mixed,10,2,68.260829,tangency
31,20,mixed,10,3,74.363077,tangency
31,20,mixed,10,4,78.914687,tangency
31,20,mixed,10,5,82.405433,tangency
31,20,mixed,10,6,85.085235,tangency
31,20,mixed,10,7,87.101835,tangency
31,20,mixed,10,8,88.548266,tangency
31,20,mixed,10,9,89.483565,tangency
31,20,mixed,10,10,89.942954,tangency
31,21,odd-odd,11,1,47.357690,pitchfork
31,21,odd-odd,11,2,62.322310,tangency
31,21,odd-odd,11,3,69.884636,tangency
31,21,odd-odd,11,4,75.367055,tangency
31,21,odd-odd,11,5,79.560737,tangency
31,21,odd-odd,11,6,82.819027,tangency
31,21,odd-odd,11,7,85.340056,tangency
31,21,odd-odd,11,8,87.246843,tangency
31,21,odd-odd,11,9,88.619114,tangency
31,21,odd-odd,11,10,89.508372,tangency
31,21,odd-odd,11,11,89.945673,tangency
31,22,mixed,11,1,54.805099,tangency
31,22,mixed,11,2,64.578493,tangency
31,22,mixed,11,3,71.221911,tangency
31,22,mixed,11,4,76.230074,tangency
31,22,mixed,11,5,80.128259,tangency
31,22,mixed,11,6,83.187095,tangency
31,22,mixed,11,7,85.568746,tangency
31,22,mixed,11,8,87.377716,tangency
31,22,mixed,11,9,88.683296,tangency
31,22,mixed,11,10,89.530896,tangency
31,22,mixed,11,11,89.948144,tangency
31,23,odd-odd,12,1,42.103449,pitchfork
31,23,odd-odd,12,2,58.164720,tangency
31,23,odd-odd,12,3,66.365615,tangency
31,23,odd-odd,12,4,72.355493,tangency
31,23,odd-odd,12,5,76.983467,tangency
31,23,odd-odd,12,6,80.631926,tangency
31,23,odd-odd,12,7,83.517170,tangency
31,23,odd-odd,12,8,85.775266,tangency
31,23,odd-odd,12,9,87.496467,tangency
31,23,odd-odd,12,10,88.741720,tangency
31,23,odd-odd,12,11,89.551439,tangency
31,23,odd-odd,12,12,89.950401,tangency
31,24,mixed,12,1,50.026448,tangency
31,24,mixed,12,2,60.612998,tangency
31,24,mixed,12,3,67.847171,tangency
31,24,mixed,12,4,73.335827,tangency
31,24,mixed,12,5,77.649132,tangency
31,24,mixed,12,6,81.082738,tangency
31,24,mixed,12,7,83.815134,tangency
31,24,mixed,12,8,85.962789,tangency
31,24,mixed,12,9,87.604734,tangency
31,24,mixed,12,10,88.795132,tangency
31,24,mixed,12,11,89.570253,tangency
31,24,mixed,12,12,89.952469,tangency
31,25,odd-odd,13,1,36.249321,pitchfork
31,25,odd-odd,13,2,53.633861,tangency
31,25,odd-odd,13,3,62.565289,tangency
31,25,odd-odd,13,4,69.110423,tangency
31,25,odd-odd,13,5,74.196314,tangency
31,25,odd-odd,13,6,78.243036,tangency
31,25,odd-odd,13,7,81.489157,tangency
31,25,odd-odd,13,8,84.085665,tangency
31,25,odd-odd,13,9,86.133897,tangency
31,25,odd-odd,13,10,87.703871,tangency
31,25,odd-odd,13,11,88.844158,tangency
31,25,odd-odd,13,12,89.587548,tangency
31,25,odd-odd,13,13,89.954371,tangency
31,26,mixed,13,1,44.704520,tangency
31,26,mixed,13,2,56.281114,tangency
31,26,mixed,13,3,64.193191,tangency
31,26,mixed,13,4,70.208638,tangency
31,26,mixed,13,5,74.960389,tangency
31,26,mixed,13,6,78.777206,tangency
31,26,mixed,13,7,81.857830,tangency
31,26,mixed,13,8,84.332538,tangency
31,26,mixed,13,9,86.290709,tangency
31,26,mixed,13,10,87.795003,tangency
31,26,mixed,13,11,88.889320,tangency
31,26,mixed,13,12,89.603501,tangency
31,26,mixed,13,13,89.956127,tangency
31,27,odd-odd,14,1,29.428707,pitchfork
31,27,odd-odd,14,2,48.579401,tangency
31,27,odd-odd,14,3,58.404578,tangency
31,27,odd-odd,14,4,65.588390,tangency
31,27,odd-odd,14,5,71.177186,tangency
31,27,odd-odd,14,6,75.645205,tangency
31,27,odd-odd,14,7,79.260938,tangency
31,27,odd-odd,14,8,82.194074,tangency
31,27,odd-odd,14,9,84.558845,tangency
31,27,odd-odd,14,10,86.434989,tangency
31,27,odd-odd,14,11,87.879075,tangency
31,27,odd-odd,14,12,88.931061,tangency
31,27,odd-odd,14,13,89.618263,tangency
31,27,odd-odd,14,14,89.957753,tangency
31,28,mixed,14,1,38.527997,tangency
31,28,mixed,14,2,51.440258,tangency
31,28,mixed,14,3,60.184392,tangency
31,28,mixed,14,4,66.806949,tangency
31,28,mixed,14,5,72.040956,tangency
31,28,mixed,14,6,76.263734,tangency
31,28,mixed,14,7,79.701573,tangency
31,28,mixed,14,8,82.502206,tangency
31,28,mixed,14,9,84.767139,tangency
31,28,mixed,14,10,86.568214,tangency
31,28,mixed,14,11,87.956888,tangency
31,28,mixed,14,12,88.969758,tangency
31,28,mixed,14,13,89.631962,tangency
31,28,mixed,14,14,89.959263,tangency
31,29,odd-odd,15,1,20.693541,pitchfork
31,29,odd-odd,15,2,42.709767,tangency
31,29,odd-odd,15,3,53.747231,tangency
31,29,odd-odd,15,4,61.716849,tangency
31,29,odd-odd,15,5,67.886174,tangency
31,29,odd-odd,15,6,72.818224,tangency
31,29,odd-odd,15,7,76.826043,tangency
31,29,odd-odd,15,8,80.105007,tangency
31,29,odd-odd,15,9,82.785774,tangency
31,29,odd-odd,15,10,84.959560,tangency
31,29,odd-odd,15,11,86.691635,tangency
31,29,odd-odd,15,12,88.029124,tangency
31,29,odd-odd,15,13,89.005734,tangency
31,29,odd-odd,15,14,89.644710,tangency
31,29,odd-odd,15,15,89.960668,tangency
31,30,mixed,15,1,30.708172,tangency
31,30,mixed,15,2,45.813343,tangency
31,30,mixed,15,3,55.689948,tangency
31,30,mixed,15,4,63.060892,tangency
31,30,mixed,15,5,68.852378,tangency
31,30,mixed,15,6,73.522856,tangency
31,30,mixed,15,7,77.340110,tangency
31,30,mixed,15,8,80.476048,tangency
31,30,mixed,15,9,83.047731,tangency
31,30,mixed,15,10,85.137907,tangency
31,30,mixed,15,11,86.806315,tangency
31,30,mixed,15,12,88.096369,tangency
31,30,mixed,15,13,89.039268,tangency
31,30,mixed,15,14,89.656603,tangency
31,30,mixed,15,15,89.961980,tangency
32,3,mixed,1,1,88.354363,tangency
32,5,mixed,2,1,85.761624,tangency
32,5,mixed,2,2,89.084311,tangency
32,7,mixed,3,1,82.871253,tangency
32,7,mixed,3,2,87.266344,tangency
32,7,mixed,3,3,89.357360,tangency
32,9,mixed,4,1,79.802554,tangency
32,9,mixed,4,2,85.032574,tangency
32,9,mixed,4,3,87.942188,tangency
32,9,mixed,4,4,89.503630,tangency
32,11,mixed,5,1,76.592696,tangency
32,11,mixed,5,2,82.535214,tangency
32,11,mixed,5,3,86.100537,tangency
32,11,mixed,5,4,88.341718,tangency
32,11,mixed,5,5,89.595280,tangency
32,13,mixed,6,1,73.250468,tangency
32,13,mixed,6,2,79.837109,tangency
32,13,mixed,6,3,83.969808,tangency
32,13,mixed,6,4,86.769725,tangency
32,13,mixed,6,5,88.608552,tangency
32,13,mixed,6,6,89.658218,tangency
32,15,mixed,7,1,69.770028,tangency
32,15,mixed,7,2,76.964560,tangency
32,15,mixed,7,3,81.614684,tangency
32,15,mixed,7,4,84.904846,tangency
32,15,mixed,7,5,87.235290,tangency
32,15,mixed,7,6,88.800258,tangency
32,15,mixed,7,7,89.704153,tangency
32,17,mixed,8,1,66.134846,tangency
32,17,mixed,8,2,73.924287,tangency
32,17,mixed,8,3,79.066027,tangency
32,17,mixed,8,4,82.807217,tangency
32,17,mixed,8,5,85.574456,tangency
32,17,mixed,8,6,87.580169,tangency
32,17,mixed,8,7,88.944980,tangency
32,17,mixed,8,8,89.739172,tangency
32,19,mixed,9,1,62.317726,tangency
32,19,mixed,9,2,70.709519,tangency
32,19,mixed,9,3,76.335284,tangency
32,19,mixed,9,4,80.507725,tangency
32,19,mixed,9,5,83.680092,tangency
32,19,mixed,9,6,86.081750,tangency
32,19,mixed,9,7,87.846825,tangency
32,19,mixed,9,8,89.058249,tangency
32,19,mixed,9,9,89.766761,tangency
32,21,mixed,10,1,58.278016,tangency
32,21,mixed,10,2,67.301416,tangency
32,21,mixed,10,3,73.420180,tangency
32,21,mixed,10,4,78.019385,tangency
32,21,mixed,10,5,81.581359,tangency
32,21,mixed,10,6,84.352965,tangency
32,21,mixed,10,7,86.481127,tangency
32,21,mixed,10,8,88.059587,tangency
32,21,mixed,10,9,89.149386,tangency
32,21,mixed,10,10,89.789062,tangency
32,23,mixed,11,1,53.955103,tangency
32,23,mixed,11,2,63.667368,tangency
32,23,mixed,11,3,70.306283,tangency
32,23,mixed,11,4,75.342125,tangency
32,23,mixed,11,5,79.291384,tangency
32,23,mixed,11,6,82.420637,tangency
32,23,mixed,11,7,84.890298,tangency
32,23,mixed,11,8,86.804563,tangency
32,23,mixed,11,9,88.233514,tangency
32,23,mixed,11,10,89.224337,tangency
32,23,mixed,11,11,89.807465,tangency
32,25,mixed,12,1,49.254804,tangency
32,25,mixed,12,2,59.755643,tangency
32,25,mixed,12,3,66.965639,tangency
32,25,mixed,12,4,72.464121,tangency
32,25,mixed,12,5,76.811114,tangency
32,25,mixed,12,6,80.297312,tangency
32,25,mixed,12,7,83.098697,tangency
32,25,mixed,12,8,85.330689,tangency
32,25,mixed,12,9,87.072290,tangency
32,25,mixed,12,10,88.378470,tangency
32,25,mixed,12,11,89.287084,tangency
32,25,mixed,12,12,89.822910,tangency
32,27,mixed,13,1,44.018494,tangency
32,27,mixed,13,2,55.483503,tangency
32,27,mixed,13,3,63.351987,tangency
32,27,mixed,13,4,69.360524,tangency
32,27,mixed,13,5,74.130345,tangency
32,27,mixed,13,6,77.984314,tangency
32,27,mixed,13,7,81.117974,tangency
32,27,mixed,13,8,83.659941,tangency
32,27,mixed,13,9,85.698957,tangency
32,27,mixed,13,10,87.297815,tangency
32,27,mixed,13,11,88.501208,tangency
32,27,mixed,13,12,89.340396,tangency
32,27,mixed,13,13,89.836059,tangency
32,29,mixed,14,1,37.939344,tangency
32,29,mixed,14,2,50.709865,tangency
32,29,mixed,14,3,59.389891,tangency
32,29,mixed,14,4,65.989012,tangency
32,29,mixed,14,5,71.226435,tangency
32,29,mixed,14,6,75.472468,tangency
32,29,mixed,14,7,78.949473,tangency
32,29,mixed,14,8,81.802958,tangency
32,29,mixed,14,9,84.133286,tangency
32,29,mixed,14,10,86.011919,tangency
32,29,mixed,14,11,87.490542,tangency
32,29,mixed,14,12,88.606514,tangency
32,29,mixed,14,13,89.386259,tangency
32,29,mixed,14,14,89.847388,tangency
32,31,mixed,15,1,30.240291,tangency
32,31,mixed,15,2,45.161121,tangency
32,31,mixed,15,3,54.949604,tangency
32,31,mixed,15,4,62.279648,tangency
32,31,mixed,15,5,68.060083,tangency
32,31,mixed,15,6,72.740773,tangency
32,31,mixed,15,7,76.584687,tangency
32,31,mixed,15,8,79.760908,tangency
32,31,mixed,15,9,82.384882,tangency
32,31,mixed,15,10,84.538546,tangency
32,31,mixed,15,11,86.281432,tangency
32,31,mixed,15,12,87.657235,tangency
32,31,mixed,15,13,88.697885,tangency
32,31,mixed,15,14,89.426139,tangency
32,31,mixed,15,15,89.857251,tangency
33,1,odd-odd,1,1,88.263498,pitchfork
33,2,mixed,1,1,89.433210,tangency
33,4,mixed,2,1,87.197806,tangency
33,4,mixed,2,2,89.728658,tangency
33,5,odd-odd,3,1,81.285258,pitchfork
33,5,odd-odd,3,2,87.896349,tangency
33,5,odd-odd,3,3,89.783966,tangency
33,7,odd-odd,4,1,77.753310,pitchfork
33,7,odd-odd,4,2,85.618911,tangency
33,7,odd-odd,4,3,88.563752,tangency
33,7,odd-odd,4,4,89.846323,tangency
33,8,mixed,4,1,81.622379,tangency
33,8,mixed,4,2,86.305275,tangency
33,8,mixed,4,3,88.755785,tangency
33,8,mixed,4,4,89.865667,tangency
33,10,mixed,5,1,78.581725,tangency
33,10,mixed,5,2,84.002672,tangency
33,10,mixed,5,3,87.153433,tangency
33,10,mixed,5,4,89.015838,tangency
33,10,mixed,5,5,89.892659,tangency
33,13,odd-odd,7,1,66.800157,pitchfork
33,13,odd-odd,7,2,77.415056,tangency
33,13,odd-odd,7,3,82.354760,tangency
33,13,odd-odd,7,4,85.644864,tangency
33,13,odd-odd,7,5,87.863166,tangency
33,13,odd-odd,7,6,89.248948,tangency
33,13,odd-odd,7,7,89.917500,tangency
33,14,mixed,7,1,72.123458,tangency
33,14,mixed,7,2,78.788974,tangency
33,14,mixed,7,3,83.042237,tangency
33,14,mixed,7,4,85.996784,tangency
33,14,mixed,7,5,88.024968,tangency
33,14,mixed,7,6,89.303682,tangency
33,14,mixed,7,7,89.923405,tangency
33,16,mixed,8,1,68.699151,tangency
33,16,mixed,8,2,75.935276,tangency
33,16,mixed,8,3,80.669366,tangency
33,16,mixed,8,4,84.073924,tangency
33,16,mixed,8,5,86.546735,tangency
33,16,mixed,8,6,88.283324,tangency
33,16,mixed,8,7,89.392107,tangency
33,16,mixed,8,8,89.932996,tangency
33,17,odd-odd,9,1,58.992417,pitchfork
33,17,odd-odd,9,2,71.172714,tangency
33,17,odd-odd,9,3,77.142963,tangency
33,17,odd-odd,9,4,81.360776,tangency
33,17,odd-odd,9,5,84.474704,tangency
33,17,odd-odd,9,6,86.766510,tangency
33,17,odd-odd,9,7,88.388253,tangency
33,17,odd-odd,9,8,89.428348,tangency
33,17,odd-odd,9,9,89.936943,tangency
33,19,odd-odd,10,1,54.847297,pitchfork
33,19,odd-odd,10,2,67.817304,tangency
33,19,odd-odd,10,3,74.287811,tangency
33,19,odd-odd,10,4,78.937218,tangency
33,19,odd-odd,10,5,82.449309,tangency
33,19,odd-odd,10,6,85.124732,tangency
33,19,odd-odd,10,7,87.129250,tangency
33,19,odd-odd,10,8,88.563300,tangency
33,19,odd-odd,10,9,89.489187,tangency
33,19,odd-odd,10,10,89.943589,tangency
33,20,mixed,10,1,61.369723,tangency
33,20,mixed,10,2,69.745511,tangency
33,20,mixed,10,3,75.402108,tangency
33,20,mixed,10,4,79.634047,tangency
33,20,mixed,10,5,82.888553,tangency
33,20,mixed,10,6,85.392830,tangency
33,20,mixed,10,7,87.280906,tangency
33,20,mixed,10,8,88.637116,tangency
33,20,mixed,10,9,89.514974,tangency
33,20,mixed,10,10,89.946412,tangency
33,23,odd-odd,12,1,45.815615,pitchfork
33,23,odd-odd,12,2,60.518425,tangency
33,23,odd-odd,12,3,68.043368,tangency
33,23,odd-odd,12,4,73.565289,tangency
33,23,odd-odd,12,5,77.850090,tangency
33,23,odd-odd,12,6,81.240439,tangency
33,23,odd-odd,12,7,83.929753,tangency
33,23,odd-odd,12,8,86.039723,tangency
33,23,odd-odd,12,9,87.651164,tangency
33,23,odd-odd,12,10,88.818731,tangency
33,23,odd-odd,12,11,89.578720,tangency
33,23,odd-odd,12,12,89.953408,tangency
33,25,odd-odd,13,1,40.749054,pitchfork
33,25,odd-odd,13,2,56.483244,tangency
33,25,odd-odd,13,3,64.605049,tangency
33,25,odd-odd,13,4,70.597713,tangency
33,25,odd-odd,13,5,75.281621,tangency
33,25,odd-odd,13,6,79.026462,tangency
33,25,odd-odd,13,7,82.042226,tangency
33,25,odd-odd,13,8,84.462144,tangency
33,25,odd-odd,13,9,86.375925,tangency
33,25,odd-odd,13,10,87.845757,tangency
33,25,odd-odd,13,11,88.914901,tangency
33,25,odd-odd,13,12,89.612633,tangency
33,25,odd-odd,13,13,89.957138,tangency
33,26,mixed,13,1,48.517645,tangency
33,26,mixed,13,2,58.932893,tangency
33,26,mixed,13,3,66.115755,tangency
33,26,mixed,13,4,71.619310,tangency
33,26,mixed,13,5,75.993866,tangency
33,26,mixed,13,6,79.525290,tangency
33,26,mixed,13,7,82.387034,tangency
33,26,mixed,13,8,84.693333,tangency
33,26,mixed,13,9,86.522929,tangency
33,26,mixed,13,10,87.931259,tangency
33,26,mixed,13,11,88.957299,tangency
33,26,mixed,13,12,89.627616,tangency
33,26,mixed,13,13,89.958787,tangency
33,28,mixed,14,1,43.363026,tangency
33,28,mixed,14,2,54.718391,tangency
33,28,mixed,14,3,62.541810,tangency
33,28,mixed,14,4,68.540084,tangency
33,28,mixed,14,5,73.323282,tangency
33,28,mixed,14,6,77.208594,tangency
33,28,mixed,14,7,80.388420,tangency
33,28,mixed,14,8,82.989668,tangency
33,28,mixed,14,9,85.100313,tangency
33,28,mixed,14,10,86.783074,tangency
33,28,mixed,14,11,88.083143,tangency
33,28,mixed,14,12,89.032814,tangency
33,28,mixed,14,13,89.654346,tangency
33,28,mixed,14,14,89.961733,tangency
33,29,odd-odd,15,1,28.503510,pitchfork
33,29,odd-odd,15,2,47.178924,tangency
33,29,odd-odd,15,3,56.839916,tangency
33,29,odd-odd,15,4,63.957624,tangency
33,29,odd-odd,15,5,69.540643,tangency
33,29,odd-odd,15,6,74.045918,tangency
33,29,odd-odd,15,7,77.732595,tangency
33,29,odd-odd,15,8,80.765097,tangency
33,29,odd-odd,15,9,83.254857,tangency
33,29,odd-odd,15,10,85.280500,tangency
33,29,odd-odd,15,11,86.898772,tangency
33,29,odd-odd,15,12,88.150916,tangency
33,29,odd-odd,15,13,89.066588,tangency
33,29,odd-odd,15,14,89.666319,tangency
33,29,odd-odd,15,15,89.963053,tangency
33,31,odd-odd,16,1,20.049976,pitchfork
33,31,odd-odd,16,2,41.479148,tangency
33,31,odd-odd,16,3,52.301032,tangency
33,31,odd-odd,16,4,60.168125,tangency
33,31,odd-odd,16,5,66.301959,tangency
33,31,odd-odd,16,6,71.244778,tangency
33,31,odd-odd,16,7,75.298379,tangency
33,31,odd-odd,16,8,78.651618,tangency
33,31,odd-odd,16,9,81.431382,tangency
33,31,odd-odd,16,10,83.726905,tangency
33,31,odd-odd,16,11,85.602770,tangency
33,31,odd-odd,16,12,87.106444,tangency
33,31,odd-odd,16,13,88.272888,tangency
33,31,odd-odd,16,14,89.127486,tangency
33,31,odd-odd,16,15,89.687933,tangency
33,31,odd-odd,16,16,89.965438,tangency
33,32,mixed,16,1,29.793149,tangency
33,32,mixed,16,2,44.535846,tangency
33,32,mixed,16,3,54.237579,tangency
33,32,mixed,16,4,61.525750,tangency
33,32,mixed,16,5,67.292694,tangency
33,32,mixed,16,6,71.980084,tangency
33,32,mixed,16,7,75.846261,tangency
33,32,mixed,16,8,79.057560,tangency
33,32,mixed,16,9,81.727801,tangency
33,32,mixed,16,10,83.938050,tangency
33,32,mixed,16,11,85.747517,tangency
33,32,mixed,16,12,87.200013,tangency
33,32,mixed,16,13,88.327973,tangency
33,32,mixed,16,14,89.155035,tangency
33,32,mixed,16,15,89.697721,tangency
33,32,mixed,16,16,89.966518,tangency
34,3,mixed,1,1,88.451299,tangency
34,5,mixed,2,1,86.012291,tangency
34,5,mixed,2,2,89.138253,tangency
34,7,mixed,3,1,83.295662,tangency
34,7,mixed,3,2,87.428064,tangency
34,7,mixed,3,3,89.395217,tangency
34,9,mixed,4,1,80.415361,tangency
34,9,mixed,4,2,85.328511,tangency
34,9,mixed,4,3,88.063938,tangency
34,9,mixed,4,4,89.532871,tangency
34,11,mixed,5,1,77.408373,tangency
34,11,mixed,5,2,82.984346,tangency
34,11,mixed,5,3,86.332911,tangency
34,11,mixed,5,4,88.439834,tangency
34,11,mixed,5,5,89.619122,tangency
34,13,mixed,6,1,74.285501,tangency
34,13,mixed,6,2,80.456542,tangency
34,13,mixed,6,3,84.332819,tangency
34,13,mixed,6,4,86.962249,tangency
34,13,mixed,6,5,88.690882,tangency
34,13,mixed,6,6,89.678353,tangency
34,15,mixed,7,1,71.044589,tangency
34,15,mixed,7,2,77.772159,tangency
34,15,mixed,7,3,82.126225,tangency
34,15,mixed,7,4,85.211659,tangency
34,15,mixed,7,5,87.400080,tangency
34,15,mixed,7,6,88.871247,tangency
34,15,mixed,7,7,89.721581,tangency
34,19,mixed,9,1,64.156909,tangency
34,19,mixed,9,2,71.959566,tangency
34,19,mixed,9,3,77.200713,tangency
34,19,mixed,9,4,81.097056,tangency
34,19,mixed,9,5,84.065964,tangency
34,19,mixed,9,6,86.317767,tangency
34,19,mixed,9,7,87.975176,tangency
34,19,mixed,9,8,89.113973,tangency
34,19,mixed,9,9,89.780501,tangency
34,21,mixed,10,1,60.463154,tangency
34,21,mixed,10,2,68.817485,tangency
34,21,mixed,10,3,74.497155,tangency
34,21,mixed,10,4,78.779028,tangency
34,21,mixed,10,5,82.104315,tangency
34,21,mixed,10,6,84.697833,tangency
34,21,mixed,10,7,86.693106,tangency
34,21,mixed,10,8,88.175259,tangency
34,21,mixed,10,9,89.199718,tangency
34,21,mixed,10,10,89.801488,tangency
34,23,mixed,11,1,56.552923,tangency
34,23,mixed,11,2,65.492818,tangency
34,23,mixed,11,3,71.625678,tangency
34,23,mixed,11,4,76.295741,tangency
34,23,mixed,11,5,79.970911,tangency
34,23,mixed,11,6,82.891637,tangency
34,23,mixed,11,7,85.202404,tangency
34,23,mixed,11,8,86.997071,tangency
34,23,mixed,11,9,88.338820,tangency
34,23,mixed,11,10,89.270234,tangency
34,23,mixed,11,11,89.818807,tangency
34,25,mixed,12,1,52.366684,tangency
34,25,mixed,12,2,61.951760,tangency
34,25,mixed,12,3,68.568497,tangency
34,25,mixed,12,4,73.641337,tangency
34,25,mixed,12,5,77.670099,tangency
34,25,mixed,12,6,80.913359,tangency
34,25,mixed,12,7,83.527682,tangency
34,25,mixed,12,8,85.615931,tangency
34,25,mixed,12,9,87.248678,tangency
34,25,mixed,12,10,88.475136,tangency
34,25,mixed,12,11,89.329268,tangency
34,25,mixed,12,12,89.833342,tangency
34,27,mixed,13,1,47.812493,tangency
34,27,mixed,13,2,58.142556,tangency
34,27,mixed,13,3,65.295859,tangency
34,27,mixed,13,4,70.800425,tangency
34,27,mixed,13,5,75.197251,tangency
34,27,mixed,13,6,78.767519,tangency
34,27,mixed,13,7,81.682157,tangency
34,27,mixed,13,8,84.054124,tangency
34,27,mixed,13,9,85.961729,tangency
34,27,mixed,13,10,87.460622,tangency
34,27,mixed,13,11,88.590557,tangency
34,27,mixed,13,12,89.379425,tangency
34,27,mixed,13,13,89.845716,tangency
34,29,mixed,14,1,42.735918,tangency
34,29,mixed,14,2,53.983674,tangency
34,29,mixed,14,3,61.760912,tangency
34,29,mixed,14,4,67.746083,tangency
34,29,mixed,14,5,72.538603,tangency
34,29,mixed,14,6,76.450203,tangency
34,29,mixed,14,7,79.670210,tangency
34,29,mixed,14,8,82.323804,tangency
34,29,mixed,14,9,84.498101,tangency
34,29,mixed,14,10,86.255589,tangency
34,29,mixed,14,11,87.641741,tangency
34,29,mixed,14,12,88.689587,tangency
34,29,mixed,14,13,89.422575,tangency
34,29,mixed,14,14,89.856378,tangency
34,31,mixed,15,1,36.838581,tangency
34,31,mixed,15,2,49.337041,tangency
34,31,mixed,15,3,57.888834,tangency
34,31,mixed,15,4,64.435085,tangency
34,31,mixed,15,5,69.669346,tangency
34,31,mixed,15,6,73.948800,tangency
34,31,mixed,15,7,77.488323,tangency
34,31,mixed,15,8,80.429042,tangency
34,31,mixed,15,9,82.868880,tangency
34,31,mixed,15,10,84.878206,tangency
34,31,mixed,15,11,86.508649,tangency
34,31,mixed,15,12,87.798394,tangency
34,31,mixed,15,13,88.775511,tangency
34,31,mixed,15,14,89.460095,tangency
34,31,mixed,15,15,89.865661,tangency
34,33,mixed,16,1,29.365261,tangency
34,33,mixed,16,2,43.935721,tangency
34,33,mixed,16,3,53.552148,tangency
34,33,mixed,16,4,60.797728,tangency
34,33,mixed,16,5,66.549104,tangency
34,33,mixed,16,6,71.240137,tangency
34,33,mixed,16,7,75.124724,tangency
34,33,mixed,16,8,78.366523,tangency
34,33,mixed,16,9,81.077741,tangency
34,33,mixed,16,10,83.338528,tangency
34,33,mixed,16,11,85.207684,tangency
34,33,mixed,16,12,86.729014,tangency
34,33,mixed,16,13,87.935284,tangency
34,33,mixed,16,14,88.850786,tangency
34,33,mixed,16,15,89.493023,tangency
34,33,mixed,16,16,89.873815,tangency
35,1,odd-odd,1,1,88.362755,pitchfork
35,2,mixed,1,1,89.465608,tangency
35,3,odd-odd,2,1,85.082900,pitchfork
35,3,odd-odd,2,2,89.655240,tangency
35,4,mixed,2,1,87.358396,tangency
35,4,mixed,2,2,89.744168,tangency
35,6,mixed,3,1,84.831805,tangency
35,6,mixed,3,2,88.394726,tangency
35,6,mixed,3,3,89.830699,tangency
35,8,mixed,4,1,82.108524,tangency
35,8,mixed,4,2,86.518169,tangency
35,8,mixed,4,3,88.827102,tangency
35,8,mixed,4,4,89.873346,tangency
35,9,odd-odd,5,1,75.099403,pitchfork
35,9,odd-odd,5,2,83.466263,tangency
35,9,odd-odd,5,3,86.974156,tangency
35,9,odd-odd,5,4,88.964342,tangency
35,9,odd-odd,5,5,89.887495,tangency
35,11,odd-odd,6,1,71.682302,pitchfork
35,11,odd-odd,6,2,80.885498,tangency
35,11,odd-odd,6,3,84.996598,tangency
35,11,odd-odd,6,4,87.587171,tangency
35,11,odd-odd,6,5,89.159459,tangency
35,11,odd-odd,6,6,89.908028,tangency
35,12,mixed,6,1,76.280893,tangency
35,12,mixed,6,2,81.983483,tangency
35,12,mixed,6,3,85.496312,tangency
35,12,mixed,6,4,87.805500,tangency
35,12,mixed,6,5,89.231478,tangency
35,12,mixed,6,6,89.915716,tangency
35,13,odd-odd,7,1,68.196252,pitchfork
35,13,odd-odd,7,2,78.163393,tangency
35,13,odd-odd,7,3,82.803733,tangency
35,13,odd-odd,7,4,85.897930,tangency
35,13,odd-odd,7,5,87.986325,tangency
35,13,odd-odd,7,6,89.291998,tangency
35,13,odd-odd,7,7,89.922215,tangency
35,16,mixed,8,1,70.010889,tangency
35,16,mixed,8,2,76.786637,tangency
35,16,mixed,8,3,81.225216,tangency
35,16,mixed,8,4,84.422166,tangency
35,16,mixed,8,5,86.747438,tangency
35,16,mixed,8,6,88.382272,tangency
35,16,mixed,8,7,89.426952,tangency
35,16,mixed,8,8,89.936826,tangency
35,17,odd-odd,9,1,60.940719,pitchfork
35,17,odd-odd,9,2,72.334597,tangency
35,17,odd-odd,9,3,77.921866,tangency
35,17,odd-odd,9,4,81.875613,tangency
35,17,odd-odd,9,5,84.799438,tangency
35,17,odd-odd,9,6,86.954448,tangency
35,17,odd-odd,9,7,88.481153,tangency
35,17,odd-odd,9,8,89.461116,tangency
35,17,odd-odd,9,9,89.940548,tangency
35,18,mixed,9,1,66.693601,tangency
35,18,mixed,9,2,73.979359,tangency
35,18,mixed,9,3,78.840823,tangency
35,18,mixed,9,4,82.425891,tangency
35,18,mixed,9,5,85.125752,tangency
35,18,mixed,9,6,87.135796,tangency
35,18,mixed,9,7,88.568450,tangency
35,18,mixed,9,8,89.491413,tangency
35,18,mixed,9,9,89.943855,tangency
35,19,odd-odd,10,1,57.121650,pitchfork
35,19,odd-odd,10,2,69.220796,tangency
35,19,odd-odd,10,3,75.259969,tangency
35,19,odd-odd,10,4,79.608185,tangency
35,19,odd-odd,10,5,82.899500,tangency
35,19,odd-odd,10,6,85.411318,tangency
35,19,odd-odd,10,7,87.296115,tangency
35,19,odd-odd,10,8,88.646113,tangency
35,19,odd-odd,10,9,89.518468,tangency
35,19,odd-odd,10,10,89.946814,tangency
35,22,mixed,11,1,59.595150,tangency
35,22,mixed,11,2,67.923542,tangency
35,22,mixed,11,3,73.619704,tangency
35,22,mixed,11,4,77.943351,tangency
35,22,mixed,11,5,81.329739,tangency
35,22,mixed,11,6,84.001162,tangency
35,22,mixed,11,7,86.090344,tangency
35,22,mixed,11,8,87.682762,tangency
35,22,mixed,11,9,88.835135,tangency
35,22,mixed,11,10,89.584681,tangency
35,22,mixed,11,11,89.954073,tangency
35,23,odd-odd,12,1,48.917667,pitchfork
35,23,odd-odd,12,2,62.514197,tangency
35,23,odd-odd,12,3,69.481226,tangency
35,23,odd-odd,12,4,74.610677,tangency
35,23,odd-odd,12,5,78.603803,tangency
35,23,odd-odd,12,6,81.772386,tangency
35,23,odd-odd,12,7,84.291886,tangency
35,23,odd-odd,12,8,86.272578,tangency
35,23,odd-odd,12,9,87.787704,tangency
35,23,odd-odd,12,10,88.886822,tangency
35,23,odd-odd,12,11,89.602869,tangency
35,23,odd-odd,12,12,89.956071,tangency
35,24,mixed,12,1,55.745447,tangency
35,24,mixed,12,2,64.639445,tangency
35,24,mixed,12,3,70.771779,tangency
35,24,mixed,12,4,75.467389,tangency
35,24,mixed,12,5,79.187244,tangency
35,24,mixed,12,6,82.168547,tangency
35,24,mixed,12,7,84.554316,tangency
35,24,mixed,12,8,86.438048,tangency
35,24,mixed,12,9,87.883380,tangency
35,24,mixed,12,10,88.934076,tangency
35,24,mixed,12,11,89.619526,tangency
35,24,mixed,12,12,89.957903,tangency
35,26,mixed,13,1,51.623047,tangency
35,26,mixed,13,2,61.143006,tangency
35,26,mixed,13,3,67.743441,tangency
35,26,mixed,13,4,72.827301,tangency
35,26,mixed,13,5,76.886513,tangency
35,26,mixed,13,6,80.175761,tangency
35,26,mixed,13,7,82.849598,tangency
35,26,mixed,13,8,85.009993,tangency
35,26,mixed,13,9,86.727395,tangency
35,26,mixed,13,10,88.051521,tangency
35,26,mixed,13,11,89.017403,tangency
35,26,mixed,13,12,89.648961,tangency
35,26,mixed,13,13,89.961143,tangency
35,27,odd-odd,14,1,39.517653,pitchfork
35,27,odd-odd,14,2,54.937904,tangency
35,27,odd-odd,14,3,62.972458,tangency
35,27,odd-odd,14,4,68.951754,tangency
35,27,odd-odd,14,5,73.669842,tangency
35,27,odd-odd,14,6,77.484521,tangency
35,27,odd-odd,14,7,80.599570,tangency
35,27,odd-odd,14,8,83.145018,tangency
35,27,odd-odd,14,9,85.209292,tangency
35,27,odd-odd,14,10,86.854701,tangency
35,27,odd-odd,14,11,88.125815,tangency
35,27,odd-odd,14,12,89.054331,tangency
35,27,odd-odd,14,13,89.662031,tangency
35,27,odd-odd,14,14,89.962583,tangency
35,29,odd-odd,15,1,34.047732,pitchfork
35,29,odd-odd,15,2,50.663174,tangency
35,29,odd-odd,15,3,59.351552,tangency
35,29,odd-odd,15,4,65.822298,tangency
35,29,odd-odd,15,5,70.940139,tangency
35,29,odd-odd,15,6,75.096707,tangency
35,29,odd-odd,15,7,78.515399,tangency
35,29,odd-odd,15,8,81.338970,tangency
35,29,odd-odd,15,9,83.664840,tangency
35,29,odd-odd,15,10,85.562172,tangency
35,29,odd-odd,15,11,87.081151,tangency
35,29,odd-odd,15,12,88.258412,tangency
35,29,odd-odd,15,13,89.120393,tangency
35,29,odd-odd,15,14,89.685446,tangency
35,29,odd-odd,15,15,89.965165,tangency
35,31,odd-odd,16,1,27.660450,pitchfork
35,31,odd-odd,16,2,45.892371,tangency
35,31,odd-odd,16,3,55.392558,tangency
35,31,odd-odd,16,4,62.438142,tangency
35,31,odd-odd,16,5,68.003533,tangency
35,31,odd-odd,16,6,72.529890,tangency
35,31,odd-odd,16,7,76.267667,tangency
35,31,odd-odd,16,8,79.376212,tangency
35,31,odd-odd,16,9,81.964031,tangency
35,31,odd-odd,16,10,84.108264,tangency
35,31,odd-odd,16,11,85.865231,tangency
35,31,odd-odd,16,12,87.276616,tangency
35,31,odd-odd,16,13,88.373294,tangency
35,31,odd-odd,16,14,89.177781,tangency
35,31,odd-odd,16,15,89.705821,tangency
35,31,odd-odd,16,16,89.967413,tangency
35,32,mixed,16,1,36.322903,tangency
35,32,mixed,16,2,48.690839,tangency
35,32,mixed,16,3,57.178886,tangency
35,32,mixed,16,4,63.696387,tangency
35,32,mixed,16,5,68.924970,tangency
35,32,mixed,16,6,73.215675,tangency
35,32,mixed,16,7,76.779824,tangency
35,32,mixed,16,8,79.756410,tangency
35,32,mixed,16,9,82.242097,tangency
35,32,mixed,16,10,84.306601,tangency
35,32,mixed,16,11,86.001347,tangency
35,32,mixed,16,12,87.364684,tangency
35,32,mixed,16,13,88.425177,tangency
35,32,mixed,16,14,89.203741,tangency
35,32,mixed,16,15,89.715048,tangency
35,32,mixed,16,16,89.968432,tangency
35,33,odd-odd,17,1,19.462951,pitchfork
35,33,odd-odd,17,2,40.348816,tangency
35,33,odd-odd,17,3,50.964411,tangency
35,33,odd-odd,17,4,58.727496,tangency
35,33,odd-odd,17,5,64.818025,tangency
35,33,odd-odd,17,6,69.759377,tangency
35,33,odd-odd,17,7,73.843011,tangency
35,33,odd-odd,17,8,77.251655,tangency
35,33,odd-odd,17,9,80.108492,tangency
35,33,odd-odd,17,10,82.500610,tangency
35,33,odd-odd,17,11,84.491548,tangency
35,33,odd-odd,17,12,86.128569,tangency
35,33,odd-odd,17,13,87.447146,tangency
35,33,odd-odd,17,14,88.473822,tangency
35,33,odd-odd,17,15,89.228105,tangency
35,33,odd-odd,17,16,89.723713,tangency
35,33,odd-odd,17,17,89.969389,tangency
35,34,mixed,17,1,28.955283,tangency
35,34,mixed,17,2,43.359116,tangency
35,34,mixed,17,3,52.891728,tangency
35,34,mixed,17,4,60.094206,tangency
35,34,mixed,17,5,65.828252,tangency
35,34,mixed,17,6,70.520264,tangency
35,34,mixed,17,7,74.419869,tangency
35,34,mixed,17,8,77.688130,tangency
35,34,mixed,17,9,80.435656,tangency
35,34,mixed,17,10,82.741656,tangency
35,34,mixed,17,11,84.664459,tangency
35,34,mixed,17,12,86.247761,tangency
35,34,mixed,17,13,87.524526,tangency
35,34,mixed,17,14,88.519525,tangency
35,34,mixed,17,15,89.251015,tangency
35,34,mixed,17,16,89.731866,tangency
35,34,mixed,17,17,89.970290,tangency
36,5,mixed,2,1,86.234897,tangency
36,5,mixed,2,2,89.186189,tangency
36,7,mixed,3,1,83.672126,tangency
36,7,mixed,3,2,87.571675,tangency
36,7,mixed,3,3,89.428860,tangency
36,11,mixed,5,1,78.129077,tangency
36,11,mixed,5,2,83.381991,tangency
36,11,mixed,5,3,86.539001,tangency
36,11,mixed,5,4,88.526961,tangency
36,11,mixed,5,5,89.640310,tangency
36,13,mixed,6,1,75.197340,tangency
36,13,mixed,6,2,81.003674,tangency
36,13,mixed,6,3,84.654186,tangency
36,13,mixed,6,4,87.132991,tangency
36,13,mixed,6,5,88.763991,tangency
36,13,mixed,6,6,89.696245,tangency
36,17,mixed,8,1,69.019561,tangency
36,17,mixed,8,2,75.831945,tangency
36,17,mixed,8,3,80.341468,tangency
36,17,mixed,8,4,83.633915,tangency
36,17,mixed,8,5,86.076942,tangency
36,17,mixed,8,6,87.852329,tangency
36,17,mixed,8,7,89.062839,tangency
36,17,mixed,8,8,89.768192,tangency
36,19,mixed,9,1,65.753042,tangency
36,19,mixed,9,2,73.050462,tangency
36,19,mixed,9,3,77.959538,tangency
36,19,mixed,9,4,81.615808,tangency
36,19,mixed,9,5,84.406691,tangency
36,19,mixed,9,6,86.526687,tangency
36,19,mixed,9,7,88.089002,tangency
36,19,mixed,9,8,89.163456,tangency
36,19,mixed,9,9,89.792712,tangency
36,23,mixed,11,1,58.763102,tangency
36,23,mixed,11,2,67.061871,tangency
36,23,mixed,11,3,72.768921,tangency
36,23,mixed,11,4,77.127338,tangency
36,23,mixed,11,5,80.566523,tangency
36,23,mixed,11,6,83.306161,tangency
36,23,mixed,11,7,85.477976,tangency
36,23,mixed,11,8,87.167472,tangency
36,23,mixed,11,9,88.432207,tangency
36,23,mixed,11,10,89.310990,tangency
36,23,mixed,11,11,89.828886,tangency
36,25,mixed,12,1,54.971354,tangency
36,25,mixed,12,2,63.817454,tangency
36,25,mixed,12,3,69.945218,tangency
36,25,mixed,12,4,74.660995,tangency
36,25,mixed,12,5,78.419022,tangency
36,25,mixed,12,6,81.453273,tangency
36,25,mixed,12,7,83.905209,tangency
36,25,mixed,12,8,85.867779,tangency
36,25,mixed,12,9,87.404808,tangency
36,25,mixed,12,10,88.560861,tangency
36,25,mixed,12,11,89.366727,tangency
36,25,mixed,12,12,89.842613,tangency
36,29,mixed,14,1,46.489462,tangency
36,29,mixed,14,2,56.651231,tangency
36,29,mixed,14,3,63.739849,tangency
36,29,mixed,14,4,69.236493,tangency
36,29,mixed,14,5,73.664679,tangency
36,29,mixed,14,6,77.296672,tangency
36,29,mixed,14,7,80.298433,tangency
36,29,mixed,14,8,82.780220,tangency
36,29,mixed,14,9,84.819133,tangency
36,29,mixed,14,10,86.470724,tangency
36,29,mixed,14,11,87.775574,tangency
36,29,mixed,14,12,88.763258,tangency
36,29,mixed,14,13,89.454823,tangency
36,29,mixed,14,14,89.864368,tangency
36,31,mixed,15,1,41.559047,tangency
36,31,mixed,15,2,52.597882,tangency
36,31,mixed,15,3,60.280556,tangency
36,31,mixed,15,4,66.232670,tangency
36,31,mixed,15,5,71.033744,tangency
36,31,mixed,15,6,74.985220,tangency
36,31,mixed,15,7,78.270517,tangency
36,31,mixed,15,8,81.011364,tangency
36,31,mixed,15,9,83.292985,tangency
36,31,mixed,15,10,85.177095,tangency
36,31,mixed,15,11,86.709255,tangency
36,31,mixed,15,12,87.923340,tangency
36,31,mixed,15,13,88.844351,tangency
36,31,mixed,15,14,89.490248,tangency
36,31,mixed,15,15,89.873134,tangency
36,35,mixed,17,1,28.562000,tangency
36,35,mixed,17,2,42.804539,tangency
36,35,mixed,17,3,52.254859,tangency
36,35,mixed,17,4,59.413902,tangency
36,35,mixed,17,5,65.129122,tangency
36,35,mixed,17,6,69.819785,tangency
36,35,mixed,17,7,73.731418,tangency
36,35,mixed,17,8,77.022565,tangency
36,35,mixed,17,9,79.802265,tangency
36,35,mixed,17,10,82.148770,tangency
36,35,mixed,17,11,84.119890,tangency
36,35,mixed,17,12,85.759138,tangency
36,35,mixed,17,13,87.099572,tangency
36,35,mixed,17,14,88.166300,tangency
36,35,mixed,17,15,88.978159,tangency
36,35,mixed,17,16,89.548841,tangency
36,35,mixed,17,17,89.887653,tangency
37,1,odd-odd,1,1,88.451277,pitchfork
37,2,mixed,1,1,89.494503,tangency
37,3,odd-odd,2,1,85.349291,pitchfork
37,3,odd-odd,2,2,89.673881,tangency
37,4,mixed,2,1,87.501555,tangency
37,4,mixed,2,2,89.758001,tangency
37,5,odd-odd,3,1,82.233566,pitchfork
37,5,odd-odd,3,2,88.124398,tangency
37,5,odd-odd,3,3,89.807328,tangency
37,6,mixed,3,1,85.113142,tangency
37,6,mixed,3,2,88.481733,tangency
37,6,mixed,3,3,89.839853,tangency
37,7,odd-odd,4,1,79.094530,pitchfork
37,7,odd-odd,4,2,86.096123,tangency
37,7,odd-odd,4,3,88.719461,tangency
37,7,odd-odd,4,4,89.862942,tangency
37,8,mixed,4,1,82.540979,tangency
37,8,mixed,4,2,86.707781,tangency
37,8,mixed,4,3,88.890677,tangency
37,8,mixed,4,4,89.880194,tangency
37,9,odd-odd,5,1,75.921961,pitchfork
37,9,odd-odd,5,2,83.824489,tangency
37,9,odd-odd,5,3,87.138950,tangency
37,9,odd-odd,5,4,89.020479,tangency
37,9,odd-odd,5,5,89.893578,tangency
37,10,mixed,5,1,79.845432,tangency
37,10,mixed,5,2,84.660804,tangency
37,10,mixed,5,3,87.463586,tangency
37,10,mixed,5,4,89.122538,tangency
37,10,mixed,5,5,89.904267,tangency
37,11,odd-odd,6,1,72.704655,pitchfork
37,11,odd-odd,6,2,81.389881,tangency
37,11,odd-odd,6,3,85.271053,tangency
37,11,odd-odd,6,4,87.718592,tangency
37,11,odd-odd,6,5,89.205020,tangency
37,11,odd-odd,6,6,89.913001,tangency
37,12,mixed,6,1,77.048276,tangency
37,12,mixed,6,2,82.427323,tangency
37,12,mixed,6,3,85.743389,tangency
37,12,mixed,6,4,87.925033,tangency
37,12,mixed,6,5,89.273135,tangency
37,12,mixed,6,6,89.920273,tangency
37,13,odd-odd,7,1,69.430008,pitchfork
37,13,odd-odd,7,2,78.826216,tangency
37,13,odd-odd,7,3,83.202294,tangency
37,13,odd-odd,7,4,86.122997,tangency
37,13,odd-odd,7,5,88.096011,tangency
37,13,odd-odd,7,6,89.330375,tangency
37,13,odd-odd,7,7,89.926421,tangency
37,14,mixed,7,1,74.155624,tangency
37,14,mixed,7,2,80.047022,tangency
37,14,mixed,7,3,83.813756,tangency
37,14,mixed,7,4,86.436316,tangency
37,14,mixed,7,5,88.240186,tangency
37,14,mixed,7,6,89.379176,tangency
37,14,mixed,7,7,89.931688,tangency
37,15,odd-odd,8,1,66.083466,pitchfork
37,15,odd-odd,8,2,76.147426,tangency
37,15,odd-odd,8,3,80.974804,tangency
37,15,odd-odd,8,4,84.313217,tangency
37,15,odd-odd,8,5,86.700174,tangency
37,15,odd-odd,8,6,88.363549,tangency
37,15,odd-odd,8,7,89.421290,tangency
37,15,odd-odd,8,8,89.936251,tangency
37,16,mixed,8,1,71.165038,tangency
37,16,mixed,8,2,77.538240,tangency
37,16,mixed,8,3,81.717391,tangency
37,16,mixed,8,4,84.731271,tangency
37,16,mixed,8,5,86.925928,tangency
37,16,mixed,8,6,88.470394,tangency
37,16,mixed,8,7,89.458014,tangency
37,16,mixed,8,8,89.940242,tangency
37,17,odd-odd,9,1,62.647767,pitchfork
37,17,odd-odd,9,2,73.356512,tangency
37,17,odd-odd,9,3,78.609402,tangency
37,17,odd-odd,9,4,82.331447,tangency
37,17,odd-odd,9,5,85.087670,tangency
37,17,odd-odd,9,6,87.121584,tangency
37,17,odd-odd,9,7,88.563890,tangency
37,17,odd-odd,9,8,89.490326,tangency
37,17,odd-odd,9,9,89.943762,tangency
37,18,mixed,9,1,68.067995,tangency
37,18,mixed,9,2,74.907349,tangency
37,18,mixed,9,3,79.476408,tangency
37,18,mixed,9,4,82.850953,tangency
37,18,mixed,9,5,85.395924,tangency
37,18,mixed,9,6,87.292985,tangency
37,18,mixed,9,7,88.646432,tangency
37,18,mixed,9,8,89.518981,tangency
37,18,mixed,9,9,89.946891,tangency
37,19,odd-odd,10,1,59.101852,pitchfork
37,19,odd-odd,10,2,70.449022,tangency
37,19,odd-odd,10,3,76.114622,tangency
37,19,odd-odd,10,4,80.200329,tangency
37,19,odd-odd,10,5,83.298062,tangency
37,19,odd-odd,10,6,85.665683,tangency
37,19,odd-odd,10,7,87.444510,tangency
37,19,odd-odd,10,8,88.719865,tangency
37,19,odd-odd,10,9,89.544569,tangency
37,19,odd-odd,10,10,89.949689,tangency
37,20,mixed,10,1,64.850421,tangency
37,20,mixed,10,2,72.152593,tangency
37,20,mixed,10,3,77.100711,tangency
37,20,mixed,10,4,80.818040,tangency
37,20,mixed,10,5,83.688067,tangency
37,20,mixed,10,6,85.904068,tangency
37,20,mixed,10,7,87.579519,tangency
37,20,mixed,10,8,88.785637,tangency
37,20,mixed,10,9,89.567560,tangency
37,20,mixed,10,10,89.952208,tangency
37,21,odd-odd,11,1,55.419222,pitchfork
37,21,odd-odd,11,2,67.414186,tangency
37,21,odd-odd,11,3,73.490574,tangency
37,21,odd-odd,11,4,77.930609,tangency
37,21,odd-odd,11,5,81.353736,tangency
37,21,odd-odd,11,6,84.031986,tangency
37,21,odd-odd,11,7,86.116481,tangency
37,21,odd-odd,11,8,87.700635,tangency
37,21,odd-odd,11,9,88.844903,tangency
37,21,odd-odd,11,10,89.588332,tangency
37,21,odd-odd,11,11,89.954486,tangency
37,22,mixed,11,1,61.492055,tangency
37,22,mixed,11,2,69.265484,tangency
37,22,mixed,11,3,74.591728,tangency
37,22,mixed,11,4,78.643742,tangency
37,22,mixed,11,5,81.824237,tangency
37,22,mixed,11,6,84.338026,tangency
37,22,mixed,11,7,86.307105,tangency
37,22,mixed,11,8,87.809945,tangency
37,22,mixed,11,9,88.898591,tangency
37,22,mixed,11,10,89.607193,tangency
37,22,mixed,11,11,89.956556,tangency
37,23,odd-odd,12,1,51.565349,pitchfork
37,23,odd-odd,12,2,64.234658,tangency
37,23,odd-odd,12,3,70.730447,tangency
37,23,odd-odd,12,4,75.524639,tangency
37,23,odd-odd,12,5,79.266107,tangency
37,23,odd-odd,12,6,82.241738,tangency
37,23,odd-odd,12,7,84.612457,tangency
37,23,odd-odd,12,8,86.479245,tangency
37,23,odd-odd,12,9,87.909128,tangency
37,23,odd-odd,12,10,88.947462,tangency
37,23,odd-odd,12,11,89.624395,tangency
37,23,odd-odd,12,12,89.958447,tangency
37,24,mixed,12,1,57.964637,tangency
37,24,mixed,12,2,66.230760,tangency
37,24,mixed,12,3,71.943906,tangency
37,24,mixed,12,4,76.331055,tangency
37,24,mixed,12,5,79.815866,tangency
37,24,mixed,12,6,82.615380,tangency
37,24,mixed,12,7,84.860175,tangency
37,24,mixed,12,8,86.635546,tangency
37,24,mixed,12,9,87.999555,tangency
37,24,mixed,12,10,88.992142,tangency
37,24,mixed,12,11,89.640149,tangency
37,24,mixed,12,12,89.960179,tangency
37,25,odd-odd,13,1,47.493358,pitchfork
37,25,odd-odd,13,2,60.885020,tangency
37,25,odd-odd,13,3,67.820571,tangency
37,25,odd-odd,13,4,72.977827,tangency
37,25,odd-odd,13,5,77.038605,tangency
37,25,odd-odd,13,6,80.306254,tangency
37,25,odd-odd,13,7,82.952192,tangency
37,25,odd-odd,13,8,85.085074,tangency
37,25,odd-odd,13,9,86.778162,tangency
37,25,odd-odd,13,10,88.082355,tangency
37,25,odd-odd,13,11,89.033152,tangency
37,25,odd-odd,13,12,89.654631,tangency
37,25,odd-odd,13,13,89.961773,tangency
37,26,mixed,13,1,54.228428,tangency
37,26,mixed,13,2,63.025081,tangency
37,26,mixed,13,3,69.144833,tangency
37,26,mixed,13,4,73.876123,tangency
37,26,mixed,13,5,77.666663,tangency
37,26,mixed,13,6,80.747239,tangency
37,26,mixed,13,7,83.257694,tangency
37,26,mixed,13,8,85.290298,tangency
37,26,mixed,13,9,86.908861,tangency
37,26,mixed,13,10,88.158469,tangency
37,26,mixed,13,11,89.070930,tangency
37,26,mixed,13,12,89.667989,tangency
37,26,mixed,13,13,89.963244,tangency
37,27,odd-odd,14,1,43.136259,pitchfork
37,27,odd-odd,14,2,57.328632,tangency
37,27,odd-odd,14,3,64.739243,tangency
37,27,odd-odd,14,4,70.278770,tangency
37,27,odd-odd,14,5,74.667940,tangency
37,27,odd-odd,14,6,78.229406,tangency
37,27,odd-odd,14,7,81.146521,tangency
37,27,odd-odd,14,8,83.536300,tangency
37,27,odd-odd,14,9,85.478417,tangency
37,27,odd-odd,14,10,87.029112,tangency
37,27,odd-odd,14,11,88.228686,tangency
37,27,odd-odd,14,12,89.105847,tangency
37,27,odd-odd,14,13,89.680350,tangency
37,27,odd-odd,14,14,89.964606,tangency
37,28,mixed,14,1,50.225690,tangency
37,28,mixed,14,2,59.614096,tangency
37,28,mixed,14,3,66.174142,tangency
37,28,mixed,14,4,71.268369,tangency
37,28,mixed,14,5,75.373777,tangency
37,28,mixed,14,6,78.737546,tangency
37,28,mixed,14,7,81.510178,tangency
37,28,mixed,14,8,83.791594,tangency
37,28,mixed,14,9,85.651558,tangency
37,28,mixed,14,10,87.140149,tangency
37,28,mixed,14,11,88.293675,tangency
37,28,mixed,14,12,89.138216,tangency
37,28,mixed,14,13,89.691822,tangency
37,28,mixed,14,14,89.965871,tangency
37,29,odd-odd,15,1,38.391667,pitchfork
37,29,odd-odd,15,2,53.511560,tangency
37,29,odd-odd,15,3,61.453954,tangency
37,29,odd-odd,15,4,67.408220,tangency
37,29,odd-odd,15,5,72.144216,tangency
37,29,odd-odd,15,6,76.008675,tangency
37,29,odd-odd,15,7,79.199396,tangency
37,29,odd-odd,15,8,81.843092,tangency
37,29,odd-odd,15,9,84.026522,tangency
37,29,odd-odd,15,10,85.811498,tangency
37,29,odd-odd,15,11,87.243012,tangency
37,29,odd-odd,15,12,88.354006,tangency
37,29,odd-odd,15,13,89.168310,tangency
37,29,odd-odd,15,14,89.702496,tangency
37,29,odd-odd,15,15,89.967049,tangency
37,30,mixed,15,1,45.867715,tangency
37,30,mixed,15,2,55.946692,tangency
37,30,mixed,15,3,63.000869,tangency
37,30,mixed,15,4,68.489493,tangency
37,30,mixed,15,5,72.927873,tangency
37,30,mixed,15,6,76.584039,tangency
37,30,mixed,15,7,79.621537,tangency
37,30,mixed,15,8,82.149241,tangency
37,30,mixed,15,9,84.243534,tangency
37,30,mixed,15,10,85.959737,tangency
37,30,mixed,15,11,87.338589,tangency
37,30,mixed,15,12,88.410168,tangency
37,30,mixed,15,13,89.196361,tangency
37,30,mixed,15,14,89.712455,tangency
37,30,mixed,15,15,89.968147,tangency
37,31,odd-odd,16,1,33.087500,pitchfork
37,31,odd-odd,16,2,49.350415,tangency
37,31,odd-odd,16,3,57.915896,tangency
37,31,odd-odd,16,4,64.336538,tangency
37,31,odd-odd,16,5,69.449948,tangency
37,31,odd-odd,16,6,73.635199,tangency
37,31,odd-odd,16,7,77.108742,tangency
37,31,odd-odd,16,8,80.009276,tangency
37,31,odd-odd,16,9,82.431911,tangency
37,31,odd-odd,16,10,84.444685,tangency
37,31,odd-odd,16,11,86.097548,tangency
37,31,odd-odd,16,12,87.427643,tangency
37,31,odd-odd,16,13,88.462584,tangency
37,31,odd-odd,16,14,89.222572,tangency
37,31,odd-odd,16,15,89.721767,tangency
37,31,odd-odd,16,16,89.969175,tangency
37,32,mixed,16,1,41.005862,tangency
37,32,mixed,16,2,51.943427,tangency
37,32,mixed,16,3,59.578169,tangency
37,32,mixed,16,4,65.511012,tangency
37,32,mixed,16,5,70.312174,tangency
37,32,mixed,16,6,74.278251,tangency
37,32,mixed,16,7,77.589835,tangency
37,32,mixed,16,8,80.366955,tangency
37,32,mixed,16,9,82.693844,tangency
37,32,mixed,16,10,84.631719,tangency
37,32,mixed,16,11,86.226024,tangency
37,32,mixed,16,12,87.510829,tangency
37,32,mixed,16,13,88.511619,tangency
37,32,mixed,16,14,89.247118,tangency
37,32,mixed,16,15,89.730494,tangency
37,32,mixed,16,16,89.970139,tangency
37,33,odd-odd,17,1,26.888048,pitchfork
37,33,odd-odd,17,2,44.705178,tangency
37,33,odd-odd,17,3,54.048859,tangency
37,33,odd-odd,17,4,61.018591,tangency
37,33,odd-odd,17,5,66.557674,tangency
37,33,odd-odd,17,6,71.092823,tangency
37,33,odd-odd,17,7,74.866432,tangency
37,33,odd-odd,17,8,78.033019,tangency
37,33,odd-odd,17,9,80.698170,tangency
37,33,odd-odd,17,10,82.937353,tangency
37,33,odd-odd,17,11,84.806123,tangency
37,33,odd-odd,17,12,86.346104,tangency
37,33,odd-odd,17,13,87.588719,tangency
37,33,odd-odd,17,14,88.557595,tangency
37,33,odd-odd,17,15,89.270155,tangency
37,33,odd-odd,17,16,89.738689,tangency
37,33,odd-odd,17,17,89.971044,tangency
37,34,mixed,17,1,35.353272,tangency
37,34,mixed,17,2,47.470621,tangency
37,34,mixed,17,3,55.832607,tangency
37,34,mixed,17,4,62.289315,tangency
37,34,mixed,17,5,67.500133,tangency
37,34,mixed,17,6,71.804575,tangency
37,34,mixed,17,7,75.407232,tangency
37,34,mixed,17,8,78.442970,tangency
37,34,mixed,17,9,81.005933,tangency
37,34,mixed,17,10,83.164405,tangency
37,34,mixed,17,11,84.969177,tangency
37,34,mixed,17,12,86.458605,tangency
37,34,mixed,17,13,87.661811,tangency
37,34,mixed,17,14,88.600790,tangency
37,34,mixed,17,15,89.291817,tangency
37,34,mixed,17,16,89.746400,tangency
37,34,mixed,17,17,89.971896,tangency
37,35,odd-odd,18,1,18.924644,pitchfork
37,35,odd-odd,18,2,39.305892,tangency
37,35,odd-odd,18,3,49.724370,tangency
37,35,odd-odd,18,4,57.383396,tangency
37,35,odd-odd,18,5,63.425151,tangency
37,35,odd-odd,18,6,68.355818,tangency
37,35,odd-odd,18,7,72.457343,tangency
37,35,odd-odd,18,8,75.906723,tangency
37,35,odd-odd,18,9,78.823574,tangency
37,35,odd-odd,18,10,81.292794,tangency
37,35,odd-odd,18,11,83.376684,tangency
37,35,odd-odd,18,12,85.121988,tangency
37,35,odd-odd,18,13,86.564236,tangency
37,35,odd-odd,18,14,87.730539,tangency
37,35,odd-odd,18,15,88.641451,tangency
37,35,odd-odd,18,16,89.312226,tangency
37,35,odd-odd,18,17,89.753668,tangency
37,35,odd-odd,18,18,89.972699,tangency
37,36,mixed,18,1,28.184311,tangency
37,36,mixed,18,2,42.270630,tangency
37,36,mixed,18,3,51.640196,tangency
37,36,mixed,18,4,58.755617,tangency
37,36,mixed,18,5,64.450746,tangency
37,36,mixed,18,6,69.138025,tangency
37,36,mixed,18,7,73.059039,tangency
37,36,mixed,18,8,76.369899,tangency
37,36,mixed,18,9,79.178097,tangency
37,36,mixed,18,10,81.560925,tangency
37,36,mixed,18,11,83.575643,tangency
37,36,mixed,18,12,85.265519,tangency
37,36,mixed,18,13,86.663621,tangency
37,36,mixed,18,14,87.795290,tangency
37,36,mixed,18,15,88.679798,tangency
37,36,mixed,18,16,89.331486,tangency
37,36,mixed,18,17,89.760530,tangency
37,36,mixed,18,18,89.973458,tangency
38,3,mixed,1,1,88.614507,tangency
38,5,mixed,2,1,86.433915,tangency
38,5,mixed,2,2,89.229071,tangency
38,7,mixed,3,1,84.008370,tangency
38,7,mixed,3,2,87.700062,tangency
38,7,mixed,3,3,89.458955,tangency
38,9,mixed,4,1,81.442057,tangency
38,9,mixed,4,2,85.825393,tangency
38,9,mixed,4,3,88.268704,tangency
38,9,mixed,4,4,89.582102,tangency
38,11,mixed,5,1,78.770696,tangency
38,11,mixed,5,2,83.736599,tangency
38,11,mixed,5,3,86.723047,tangency
38,11,mixed,5,4,88.604850,tangency
38,11,mixed,5,5,89.659263,tangency
38,13,mixed,6,1,76.007167,tangency
38,13,mixed,6,2,81.490634,tangency
38,13,mixed,6,3,84.940748,tangency
38,13,mixed,6,4,87.285467,tangency
38,13,mixed,6,5,88.829348,tangency
38,13,mixed,6,6,89.712251,tangency
38,15,mixed,7,1,73.153623,tangency
38,15,mixed,7,2,79.114654,tangency
38,15,mixed,7,3,82.980013,tangency
38,15,mixed,7,4,85.725438,tangency
38,15,mixed,7,5,87.676731,tangency
38,15,mixed,7,6,88.990637,tangency
38,15,mixed,7,7,89.750924,tangency
38,17,mixed,8,1,70.205664,tangency
38,17,mixed,8,2,76.620769,tangency
38,17,mixed,8,3,80.871501,tangency
38,17,mixed,8,4,83.978887,tangency
38,17,mixed,8,5,86.287318,tangency
38,17,mixed,8,6,87.966561,tangency
38,17,mixed,8,7,89.112395,tangency
38,17,mixed,8,8,89.780407,tangency
38,21,mixed,10,1,63.983347,tangency
38,21,mixed,10,2,71.284448,tangency
38,21,mixed,10,3,76.264288,tangency
38,21,mixed,10,4,80.034005,tangency
38,21,mixed,10,5,82.973063,tangency
38,21,mixed,10,6,85.273283,tangency
38,21,mixed,10,7,87.048045,tangency
38,21,mixed,10,8,88.369444,tangency
38,21,mixed,10,9,89.284366,tangency
38,21,mixed,10,10,89.822410,tangency
38,23,mixed,11,1,60.674013,tangency
38,23,mixed,11,2,68.428635,tangency
38,23,mixed,11,3,73.770898,tangency
38,23,mixed,11,4,77.859838,tangency
38,23,mixed,11,5,81.093307,tangency
38,23,mixed,11,6,83.674002,tangency
38,23,mixed,11,7,85.723164,tangency
38,23,mixed,11,8,87.319402,tangency
38,23,mixed,11,9,88.515602,tangency
38,23,mixed,11,10,89.347424,tangency
38,23,mixed,11,11,89.837903,tangency
38,25,mixed,12,1,57.197586,tangency
38,25,mixed,12,2,65.428590,tangency
38,25,mixed,12,3,71.143726,tangency
38,25,mixed,12,4,75.554374,tangency
38,25,mixed,12,5,79.078589,tangency
38,25,mixed,12,6,81.930755,tangency
38,25,mixed,12,7,84.240205,tangency
38,25,mixed,12,8,86.091854,tangency
38,25,mixed,12,9,87.544013,tangency
38,25,mixed,12,10,88.637413,tangency
38,25,mixed,12,11,89.400214,tangency
38,25,mixed,12,12,89.850906,tangency
38,27,mixed,13,1,53.514652,tangency
38,27,mixed,13,2,62.260681,tangency
38,27,mixed,13,3,68.369488,tangency
38,27,mixed,13,4,73.112252,tangency
38,27,mixed,13,5,76.930368,tangency
38,27,mixed,13,6,80.051486,tangency
38,27,mixed,13,7,82.613800,tangency
38,27,mixed,13,8,84.708808,tangency
38,27,mixed,13,9,86.400148,tangency
38,27,mixed,13,10,87.733215,tangency
38,27,mixed,13,11,88.740553,tangency
38,27,mixed,13,12,89.445066,tangency
38,27,mixed,13,13,89.861976,tangency
38,29,mixed,14,1,49.568080,tangency
38,29,mixed,14,2,58.890561,tangency
38,29,mixed,14,3,65.427336,tangency
38,29,mixed,14,4,70.521931,tangency
38,29,mixed,14,5,74.644298,tangency
38,29,mixed,14,6,78.038017,tangency
38,29,mixed,14,7,80.851581,tangency
38,29,mixed,14,8,83.183812,tangency
38,29,mixed,14,9,85.103983,tangency
38,29,mixed,14,10,86.662131,tangency
38,29,mixed,14,11,87.894898,tangency
38,29,mixed,14,12,88.829045,tangency
38,29,mixed,14,13,89.483652,tangency
38,29,mixed,14,14,89.871515,tangency
38,31,mixed,15,1,45.270192,tangency
38,31,mixed,15,2,55.267433,tangency
38,31,mixed,15,3,62.286138,tangency
38,31,mixed,15,4,67.764533,tangency
38,31,mixed,15,5,72.210054,tangency
38,31,mixed,15,6,75.886642,tangency
38,31,mixed,15,7,78.955481,tangency
38,31,mixed,15,8,81.524057,tangency
38,31,mixed,15,9,83.667991,tangency
38,31,mixed,15,10,85.442291,tangency
38,31,mixed,15,11,86.887734,tangency
38,31,mixed,15,12,88.034739,tangency
38,31,mixed,15,13,88.905825,tangency
38,31,mixed,15,14,89.517203,tangency
38,31,mixed,15,15,89.879819,tangency
38,33,mixed,16,1,40.474153,tangency
38,33,mixed,16,2,51.312575,tangency
38,33,mixed,16,3,58.899190,tangency
38,33,mixed,16,4,64.811307,tangency
38,33,mixed,16,5,69.610236,tangency
38,33,mixed,16,6,73.587914,tangency
38,33,mixed,16,7,76.922195,tangency
38,33,mixed,16,8,79.731433,tangency
38,33,mixed,16,9,82.098857,tangency
38,33,mixed,16,10,84.085139,tangency
38,33,mixed,16,11,85.735530,tangency
38,33,mixed,16,12,87.084187,tangency
38,33,mixed,16,13,88.156938,tangency
38,33,mixed,16,14,88.973090,tangency
38,33,mixed,16,15,89.546648,tangency
38,33,mixed,16,16,89.887114,tangency
38,35,mixed,17,1,34.896664,tangency
38,35,mixed,17,2,46.893722,tangency
38,35,mixed,17,3,55.193587,tangency
38,35,mixed,17,4,61.618671,tangency
38,35,mixed,17,5,66.817968,tangency
38,35,mixed,17,6,71.125587,tangency
38,35,mixed,17,7,74.742931,tangency
38,35,mixed,17,8,77.802883,tangency
38,35,mixed,17,9,80.398341,tangency
38,35,mixed,17,10,82.596834,tangency
38,35,mixed,17,11,84.448762,tangency
38,35,mixed,17,12,85.992367,tangency
38,35,mixed,17,13,87.256892,tangency
38,35,mixed,17,14,88.264669,tangency
38,35,mixed,17,15,89.032516,tangency
38,35,mixed,17,16,89.572699,tangency
38,35,mixed,17,17,89.893573,tangency
38,37,mixed,18,1,27.821211,tangency
38,37,mixed,18,2,41.756142,tangency
38,37,mixed,18,3,51.046497,tangency
38,37,mixed,18,4,58.118233,tangency
38,37,mixed,18,5,63.792204,tangency
38,37,mixed,18,6,68.474316,tangency
38,37,mixed,18,7,72.402368,tangency
38,37,mixed,18,8,75.730111,tangency
38,37,mixed,18,9,78.563530,tangency
38,37,mixed,18,10,80.978955,tangency
38,37,mixed,18,11,83.033072,tangency
38,37,mixed,18,12,84.768860,tangency
38,37,mixed,18,13,86.219333,tangency
38,37,mixed,18,14,87.409974,tangency
38,37,mixed,18,15,88.360382,tangency
38,37,mixed,18,16,89.085404,tangency
38,37,mixed,18,17,89.595911,tangency
38,37,mixed,18,18,89.899333,tangency
39,1,odd-odd,1,1,88.530716,pitchfork
39,2,mixed,1,1,89.520433,tangency
39,4,mixed,2,1,87.629979,tangency
39,4,mixed,2,2,89.770415,tangency
39,5,odd-odd,3,1,82.634114,pitchfork
39,5,odd-odd,3,2,88.220814,tangency
39,5,odd-odd,3,3,89.817211,tangency
39,7,odd-odd,4,1,79.660109,pitchfork
39,7,odd-odd,4,2,86.297638,tangency
39,7,odd-odd,4,3,88.785291,tangency
39,7,odd-odd,4,4,89.869973,tangency
39,8,mixed,4,1,82.928226,tangency
39,8,mixed,4,2,86.877744,tangency
39,8,mixed,4,3,88.947706,tangency
39,8,mixed,4,4,89.886340,tangency
39,10,mixed,5,1,80.376876,tangency
39,10,mixed,5,2,84.938191,tangency
39,10,mixed,5,3,87.594547,tangency
39,10,mixed,5,4,89.167648,tangency
39,10,mixed,5,5,89.909178,tangency
39,11,odd-odd,6,1,73.617330,pitchfork
39,11,odd-odd,6,2,81.840811,tangency
39,11,odd-odd,6,3,85.516778,tangency
39,11,odd-odd,6,4,87.836391,tangency
39,11,odd-odd,6,5,89.245890,tangency
39,11,odd-odd,6,6,89.917464,tangency
39,14,mixed,7,1,75.004067,tangency
39,14,mixed,7,2,80.574151,tangency
39,14,mixed,7,3,84.138056,tangency
39,14,mixed,7,4,86.621544,tangency
39,14,mixed,7,5,88.331058,tangency
39,14,mixed,7,6,89.411092,tangency
39,14,mixed,7,7,89.935193,tangency
39,16,mixed,8,1,72.189248,tangency
39,16,mixed,8,2,78.207041,tangency
39,16,mixed,8,3,82.156414,tangency
39,16,mixed,8,4,85.007555,tangency
39,16,mixed,8,5,87.085723,tangency
39,16,mixed,8,6,88.549381,tangency
39,16,mixed,8,7,89.485878,tangency
39,16,mixed,8,8,89.943307,tangency
39,17,odd-odd,9,1,64.157587,pitchfork
39,17,odd-odd,9,2,74.263089,tangency
39,17,odd-odd,9,3,79.221120,tangency
39,17,odd-odd,9,4,82.738032,tangency
39,17,odd-odd,9,5,85.345292,tangency
39,17,odd-odd,9,6,87.271214,tangency
39,17,odd-odd,9,7,88.638050,tangency
39,17,odd-odd,9,8,89.516529,tangency
39,17,odd-odd,9,9,89.946647,tangency
39,19,odd-odd,10,1,60.844635,pitchfork
39,19,odd-odd,10,2,71.534243,tangency
39,19,odd-odd,10,3,76.872524,tangency
39,19,odd-odd,10,4,80.727086,tangency
39,19,odd-odd,10,5,83.653538,tangency
39,19,odd-odd,10,6,85.893027,tangency
39,19,odd-odd,10,7,87.577360,tangency
39,19,odd-odd,10,8,88.785970,tangency
39,19,odd-odd,10,9,89.567983,tangency
39,19,odd-odd,10,10,89.952270,tangency
39,20,mixed,10,1,66.274595,tangency
39,20,mixed,10,2,73.144726,tangency
39,20,mixed,10,3,77.805275,tangency
39,20,mixed,10,4,81.311754,tangency
39,20,mixed,10,5,84.022905,tangency
39,20,mixed,10,6,86.118922,tangency
39,20,mixed,10,7,87.705353,tangency
39,20,mixed,10,8,88.848347,tangency
39,20,mixed,10,9,89.589792,tangency
39,20,mixed,10,10,89.954659,tangency
39,22,mixed,11,1,63.149620,tangency
39,22,mixed,11,2,70.444730,tangency
39,22,mixed,11,3,75.450007,tangency
39,22,mixed,11,4,79.264650,tangency
39,22,mixed,11,5,82.264064,tangency
39,22,mixed,11,6,84.638454,tangency
39,22,mixed,11,7,86.500836,tangency
39,22,mixed,11,8,87.923803,tangency
39,22,mixed,11,9,88.955468,tangency
39,22,mixed,11,10,89.627387,tangency
39,22,mixed,11,11,89.958785,tangency
39,23,odd-odd,12,1,53.861185,pitchfork
39,23,odd-odd,12,2,65.737180,tangency
39,23,odd-odd,12,3,71.827916,tangency
39,23,odd-odd,12,4,76.331539,tangency
39,23,odd-odd,12,5,79.853209,tangency
39,23,odd-odd,12,6,82.659185,tangency
39,23,odd-odd,12,7,84.898348,tangency
39,23,odd-odd,12,8,86.663952,tangency
39,23,odd-odd,12,9,88.017832,tangency
39,23,odd-odd,12,10,89.001816,tangency
39,23,odd-odd,12,11,89.643705,tangency
39,23,odd-odd,12,12,89.960578,tangency
39,25,odd-odd,13,1,50.131658,pitchfork
39,25,odd-odd,13,2,62.638495,tangency
39,25,odd-odd,13,3,69.119013,tangency
39,25,odd-odd,13,4,73.949290,tangency
39,25,odd-odd,13,5,77.761915,tangency
39,25,odd-odd,13,6,80.836779,tangency
39,25,odd-odd,13,7,83.331527,tangency
39,25,odd-odd,13,8,85.345924,tangency
39,25,odd-odd,13,9,86.947198,tangency
39,25,odd-odd,13,10,88.182055,tangency
39,25,odd-odd,13,11,89.083081,tangency
39,25,odd-odd,13,12,89.672387,tangency
39,25,odd-odd,13,13,89.963734,tangency
39,28,mixed,14,1,52.828186,tangency
39,28,mixed,14,2,61.522722,tangency
39,28,mixed,14,3,67.618084,tangency
39,28,mixed,14,4,72.368805,tangency
39,28,mixed,14,5,76.210171,tangency
39,28,mixed,14,6,79.366760,tangency
39,28,mixed,14,7,81.975104,tangency
39,28,mixed,14,8,84.125859,tangency
39,28,mixed,14,9,85.882379,tangency
39,28,mixed,14,10,87.290202,tangency
39,28,mixed,14,11,88.382390,tangency
39,28,mixed,14,12,89.182720,tangency
39,28,mixed,14,13,89.707665,tangency
39,28,mixed,14,14,89.967622,tangency
39,29,odd-odd,15,1,41.961889,pitchfork
39,29,odd-odd,15,2,55.909531,tangency
39,29,odd-odd,15,3,63.251292,tangency
39,29,odd-odd,15,4,68.779275,tangency
39,29,odd-odd,15,5,73.194067,tangency
39,29,odd-odd,15,6,76.809155,tangency
39,29,odd-odd,15,7,79.802979,tangency
39,29,odd-odd,15,8,82.289857,tangency
39,29,odd-odd,15,9,84.348165,tangency
39,29,odd-odd,15,10,86.033838,tangency
39,29,odd-odd,15,11,87.387671,tangency
39,29,odd-odd,15,12,88.439585,tangency
39,29,odd-odd,15,13,89.211260,tangency
39,29,odd-odd,15,14,89.717791,tangency
39,29,odd-odd,15,15,89.968739,tangency
39,31,odd-odd,16,1,37.356852,pitchfork
39,31,odd-odd,16,2,52.189881,tangency
39,31,odd-odd,16,3,60.037455,tangency
39,31,odd-odd,16,4,65.958247,tangency
39,31,odd-odd,16,5,70.699838,tangency
39,31,odd-odd,16,6,74.598677,tangency
39,31,odd-odd,16,7,77.846881,tangency
39,31,odd-odd,16,8,80.567865,tangency
39,31,odd-odd,16,9,82.846536,tangency
39,31,odd-odd,16,10,84.743854,tangency
39,31,odd-odd,16,11,86.304718,tangency
39,31,odd-odd,16,12,87.562618,tangency
39,31,odd-odd,16,13,88.542519,tangency
39,31,odd-odd,16,14,89.262719,tangency
39,31,odd-odd,16,15,89.736071,tangency
39,31,odd-odd,16,16,89.970757,tangency
39,32,mixed,16,1,44.695366,tangency
39,32,mixed,16,2,54.612007,tangency
39,32,mixed,16,3,61.594432,tangency
39,32,mixed,16,4,67.060699,tangency
39,32,mixed,16,5,71.510683,tangency
39,32,mixed,16,6,75.204378,tangency
39,32,mixed,16,7,78.300666,tangency
39,32,mixed,16,8,80.905653,tangency
39,32,mixed,16,9,83.094165,tangency
39,32,mixed,16,10,84.920833,tangency
39,32,mixed,16,11,86.426380,tangency
39,32,mixed,16,12,87.641442,tangency
39,32,mixed,16,13,88.589005,tangency
39,32,mixed,16,14,89.285998,tangency
39,32,mixed,16,15,89.744350,tangency
39,32,mixed,16,16,89.971671,tangency
39,34,mixed,17,1,39.962567,tangency
39,34,mixed,17,2,50.703958,tangency
39,34,mixed,17,3,58.242394,tangency
39,34,mixed,17,4,64.132559,tangency
39,34,mixed,17,5,68.927228,tangency
39,34,mixed,17,6,72.913856,tangency
39,34,mixed,17,7,76.267646,tangency
39,34,mixed,17,8,79.105311,tangency
39,34,mixed,17,9,81.509069,tangency
39,34,mixed,17,10,83.539015,tangency
39,34,mixed,17,11,85.240145,tangency
39,34,mixed,17,12,86.646622,tangency
39,34,mixed,17,13,87.784503,tangency
39,34,mixed,17,14,88.673539,tangency
39,34,mixed,17,15,89.328389,tangency
39,34,mixed,17,16,89.759438,tangency
39,34,mixed,17,17,89.973338,tangency
39,35,odd-odd,18,1,26.176952,pitchfork
39,35,odd-odd,18,2,43.605244,tangency
39,35,odd-odd,18,3,52.797234,tangency
39,35,odd-odd,18,4,59.689009,tangency
39,35,odd-odd,18,5,65.195424,tangency
39,35,odd-odd,18,6,69.729941,tangency
39,35,odd-odd,18,7,73.527483,tangency
39,35,odd-odd,18,8,76.738010,tangency
39,35,odd-odd,18,9,79.464258,tangency
39,35,odd-odd,18,10,81.779954,tangency
39,35,odd-odd,18,11,83.739691,tangency
39,35,odd-odd,18,12,85.384737,tangency
39,35,odd-odd,18,13,86.746650,tangency
39,35,odd-odd,18,14,87.849627,tangency
39,35,odd-odd,18,15,88.712087,tangency
39,35,odd-odd,18,16,89.347743,tangency
39,35,odd-odd,18,17,89.766332,tangency
39,35,odd-odd,18,18,89.974100,tangency
39,37,odd-odd,19,1,18.428670,pitchfork
39,37,odd-odd,19,2,38.339691,tangency
39,37,odd-odd,19,3,48.569938,tangency
39,37,odd-odd,19,4,56.125828,tangency
39,37,odd-odd,19,5,62.115052,tangency
39,37,odd-odd,19,6,67.028054,tangency
39,37,odd-odd,19,7,71.138016,tangency
39,37,odd-odd,19,8,74.616587,tangency
39,37,odd-odd,19,9,77.579984,tangency
39,37,odd-odd,19,10,80.110933,tangency
39,37,odd-odd,19,11,82.270411,tangency
39,37,odd-odd,19,12,84.104455,tangency
39,37,odd-odd,19,13,85.648375,tangency
39,37,odd-odd,19,14,86.929479,tangency
39,37,odd-odd,19,15,87.968887,tangency
39,37,odd-odd,19,16,88.782783,tangency
39,37,odd-odd,19,17,89.383276,tangency
39,37,odd-odd,19,18,89.778998,tangency
39,37,odd-odd,19,19,89.975500,tangency
39,38,mixed,19,1,27.471786,tangency
39,38,mixed,19,2,41.259930,tangency
39,38,mixed,19,3,50.472613,tangency
39,38,mixed,19,4,57.500705,tangency
39,38,mixed,19,5,63.152620,tangency
39,38,mixed,19,6,67.828004,tangency
39,38,mixed,19,7,71.761010,tangency
39,38,mixed,19,8,75.103113,tangency
39,38,mixed,19,9,77.958821,tangency
39,38,mixed,19,10,80.403511,tangency
39,38,mixed,19,11,82.493277,tangency
39,38,mixed,19,12,84.270779,tangency
39,38,mixed,19,13,85.768921,tangency
39,38,mixed,19,14,87.013260,tangency
39,38,mixed,19,15,88.023632,tangency
39,38,mixed,19,16,88.815278,tangency
39,38,mixed,19,17,89.399624,tangency
39,38,mixed,19,18,89.784829,tangency
39,38,mixed,19,19,89.976145,tangency
40,3,mixed,1,1,88.683851,tangency
40,7,mixed,3,1,84.310540,tangency
40,7,mixed,3,2,87.815529,tangency
40,7,mixed,3,3,89.486036,tangency
40,9,mixed,4,1,81.876520,tangency
40,9,mixed,4,2,86.036030,tangency
40,9,mixed,4,3,88.355628,tangency
40,9,mixed,4,4,89.603019,tangency
40,11,mixed,5,1,79.345721,tangency
40,11,mixed,5,2,84.054849,tangency
40,11,mixed,5,3,86.888423,tangency
40,11,mixed,5,4,88.674900,tangency
40,11,mixed,5,5,89.676318,tangency
40,13,mixed,6,1,76.731486,tangency
40,13,mixed,6,2,81.926951,tangency
40,13,mixed,6,3,85.197912,tangency
40,13,mixed,6,4,87.422473,tangency
40,13,mixed,6,5,88.888127,tangency
40,13,mixed,6,6,89.726654,tangency
40,17,mixed,8,1,71.260483,tangency
40,17,mixed,8,2,77.324214,tangency
40,17,mixed,8,3,81.345336,tangency
40,17,mixed,8,4,84.287929,tangency
40,17,mixed,8,5,86.476101,tangency
40,17,mixed,8,6,88.069201,tangency
40,17,mixed,8,7,89.156963,tangency
40,17,mixed,8,8,89.791398,tangency
40,19,mixed,9,1,68.394471,tangency
40,19,mixed,9,2,74.866533,tangency
40,19,mixed,9,3,79.229403,tangency
40,19,mixed,9,4,82.487739,tangency
40,19,mixed,9,5,84.981457,tangency
40,19,mixed,9,6,86.880118,tangency
40,19,mixed,9,7,88.281980,tangency
40,19,mixed,9,8,89.247474,tangency
40,19,mixed,9,9,89.813463,tangency
40,21,mixed,10,1,65.428418,tangency
40,21,mixed,10,2,72.304640,tangency
40,21,mixed,10,3,76.999734,tangency
40,21,mixed,10,4,80.559097,tangency
40,21,mixed,10,5,83.338161,tangency
40,21,mixed,10,6,85.515987,tangency
40,21,mixed,10,7,87.198169,tangency
40,21,mixed,10,8,88.451752,tangency
40,21,mixed,10,9,89.320300,tangency
40,21,mixed,10,10,89.831299,tangency
40,23,mixed,11,1,62.347215,tangency
40,23,mixed,11,2,69.632164,tangency
40,23,mixed,11,3,74.657458,tangency
40,23,mixed,11,4,78.510571,tangency
40,23,mixed,11,5,81.562849,tangency
40,23,mixed,11,6,84.002770,tangency
40,23,mixed,11,7,85.942795,tangency
40,23,mixed,11,8,87.455732,tangency
40,23,mixed,11,9,88.590533,tangency
40,23,mixed,11,10,89.380191,tangency
40,23,mixed,11,11,89.846016,tangency
40,27,mixed,13,1,55.749974,tangency
40,27,mixed,13,2,63.905084,tangency
40,27,mixed,13,3,69.614099,tangency
40,27,mixed,13,4,74.058674,tangency
40,27,mixed,13,5,77.646085,tangency
40,27,mixed,13,6,80.585459,tangency
40,27,mixed,13,7,83.003462,tangency
40,27,mixed,13,8,84.983893,tangency
40,27,mixed,13,9,86.585042,tangency
40,27,mixed,13,10,87.848507,tangency
40,27,mixed,13,11,88.804130,tangency
40,27,mixed,13,12,89.472931,tangency
40,27,mixed,13,13,89.868885,tangency
40,29,mixed,14,1,52.167344,tangency
40,29,mixed,14,2,60.809778,tangency
40,29,mixed,14,3,66.889560,tangency
40,29,mixed,14,4,71.645171,tangency
40,29,mixed,14,5,75.505985,tangency
40,29,mixed,14,6,78.693578,tangency
40,29,mixed,14,7,81.342823,tangency
40,29,mixed,14,8,83.543488,tangency
40,29,mixed,14,9,85.358554,tangency
40,29,mixed,14,10,86.833579,tangency
40,29,mixed,14,11,88.001969,tangency
40,29,mixed,14,12,88.888155,tangency
40,29,mixed,14,13,89.509579,tangency
40,29,mixed,14,14,89.877946,tangency
40,31,mixed,15,1,48.326532,tangency
40,31,mixed,15,2,57.517807,tangency
40,31,mixed,15,3,64.003479,tangency
40,31,mixed,15,4,69.091207,tangency
40,31,mixed,15,5,73.237613,tangency
40,31,mixed,15,6,76.679396,tangency
40,31,mixed,15,7,79.561118,tangency
40,31,mixed,15,8,81.979344,tangency
40,31,mixed,15,9,84.002180,tangency
40,31,mixed,15,10,85.679295,tangency
40,31,mixed,15,11,87.047601,tangency
40,31,mixed,15,12,88.134699,tangency
40,31,mixed,15,13,88.961060,tangency
40,31,mixed,15,14,89.541446,tangency
40,31,mixed,15,15,89.885834,tangency
40,33,mixed,16,1,44.141840,tangency
40,33,mixed,16,2,53.979078,tangency
40,33,mixed,16,3,60.924604,tangency
40,33,mixed,16,4,66.377108,tangency
40,33,mixed,16,5,70.829200,tangency
40,33,mixed,16,6,74.537067,tangency
40,33,mixed,16,7,77.657349,tangency
40,33,mixed,16,8,80.294783,tangency
40,33,mixed,16,9,82.523384,tangency
40,33,mixed,16,10,84.397359,tangency
40,33,mixed,16,11,85.957302,tangency
40,33,mixed,16,12,87.233969,tangency
40,33,mixed,16,13,88.250683,tangency
40,33,mixed,16,14,89.024930,tangency
40,33,mixed,16,15,89.569412,tangency
40,33,mixed,16,16,89.892764,tangency
40,37,mixed,18,1,34.034075,tangency
40,37,mixed,18,2,45.799991,tangency
40,37,mixed,18,3,53.977787,tangency
40,37,mixed,18,4,60.337984,tangency
40,37,mixed,18,5,65.510106,tangency
40,37,mixed,18,6,69.818092,tangency
40,37,mixed,18,7,73.457309,tangency
40,37,mixed,18,8,76.556838,tangency
40,37,mixed,18,9,79.207137,tangency
40,37,mixed,18,10,81.474204,tangency
40,37,mixed,18,11,83.407555,tangency
40,37,mixed,18,12,85.045052,tangency
40,37,mixed,18,13,86.415969,tangency
40,37,mixed,18,14,87.543027,tangency
40,37,mixed,18,15,88.443782,tangency
40,37,mixed,18,16,89.131574,tangency
40,37,mixed,18,17,89.616201,tangency
40,37,mixed,18,18,89.904372,tangency
40,39,mixed,19,1,27.135199,tangency
40,39,mixed,19,2,40.780942,tangency
40,39,mixed,19,3,49.917479,tangency
40,39,mixed,19,4,56.902055,tangency
40,39,mixed,19,5,62.531165,tangency
40,39,mixed,19,6,67.198450,tangency
40,39,mixed,19,7,71.134560,tangency
40,39,mixed,19,8,74.488763,tangency
40,39,mixed,19,9,77.364129,tangency
40,39,mixed,19,10,79.835095,tangency
40,39,mixed,19,11,81.957151,tangency
40,39,mixed,19,12,83.772613,tangency
40,39,mixed,19,13,85.314234,tangency
40,39,mixed,19,14,86.607588,tangency
40,39,mixed,19,15,87.672678,tangency
40,39,mixed,19,16,88.525045,tangency
40,39,mixed,19,17,89.176560,tangency
40,39,mixed,19,18,89.635971,tangency
40,39,mixed,19,19,89.909281,tangency
